label,n_traveltimes,mean_abs_dt_ms,median_abs_dt_ms,p90_abs_dt_ms,p95_abs_dt_ms,p99_abs_dt_ms,max_abs_dt_ms,mean_percent_change,p95_abs_percent_change,receiver_spacing_m,shot_spacing_m,receiver_halfwidth_m,shot_halfwidth_m,receiver_count_approx,shot_count_approx
r1_s1_rhw25_shw40,4066,0.07550844749750023,0.06435087944394943,0.15621871963311662,0.1850262212084299,0.23901466582399944,0.30589911023378746,0.12162972007780352,4.182925954455502,1,1,25,40,51,81
r1_s1_rhw25_shw60,6106,0.07621927675179,0.06483217808241656,0.15680684414354823,0.18681535131903929,0.24112857249334252,0.3364615821128611,0.09540374807688069,3.15205116513723,1,1,25,60,51,121
r1_s1_rhw25_shw80,8146,0.07387701482336939,0.06254244726569026,0.15126100331385242,0.18023945685465698,0.23596885217123667,0.3364615821128611,0.06495937154918836,2.5014850432572446,1,1,25,80,51,161
r1_s1_rhw25_shw100,10186,0.07002638859852311,0.05918854326533024,0.1442987993000005,0.17353065647661253,0.22839206400744635,0.3364615821128611,0.05155118483052106,2.0664203447083875,1,1,25,100,51,201
r1_s1_rhw35_shw40,5660,0.07583455164845622,0.06451616932980943,0.15519225589262853,0.18501990171319108,0.23850517837403912,0.30589911023378746,0.0899768820712444,4.389466168070496,1,1,35,40,71,81
r1_s1_rhw35_shw60,8500,0.07595689863426404,0.06447891006919423,0.15505465936534632,0.18614616275132567,0.2399233329433228,0.3364615821128611,0.059539370152237085,3.2101791136938695,1,1,35,60,71,121
r1_s1_rhw35_shw80,11340,0.07352352208128116,0.062065710323779,0.1506552706772101,0.17994075217529173,0.23591855155942634,0.3364615821128611,0.03199093057765827,2.5181740063645845,1,1,35,80,71,161
r1_s1_rhw35_shw100,14180,0.06943459143326097,0.05805857479700138,0.14411143042013883,0.17329792902041322,0.22858732160796502,0.3364615821128611,0.021813822312150392,2.0722642874663797,1,1,35,100,71,201
r1_s1_rhw50_shw40,8078,0.07853279910870756,0.06701773289040662,0.16211479858429453,0.19418367914666357,0.2503557316496207,0.33681433362790436,0.06880679818899516,3.6425339597665953,1,1,50,40,101,81
r1_s1_rhw50_shw60,12094,0.07818542926500979,0.06668211240322115,0.16085396969792226,0.19313405618999713,0.246185812701671,0.33681433362790436,0.047971842955997664,3.3252128741947597,1,1,50,60,101,121
r1_s1_rhw50_shw80,16134,0.07548730522337252,0.06358516396496325,0.15511360026042623,0.18665954887729722,0.2416685636159456,0.33681433362790436,0.03179502958960211,2.6549291032351086,1,1,50,80,101,161
r1_s1_rhw50_shw100,20174,0.07129212435811774,0.05876082123198057,0.14961166845181306,0.17738441449126213,0.236018954761214,0.33681433362790436,0.0268523615633122,2.1441926773728053,1,1,50,100,101,201
r1_s1_rhw75_shw40,12128,0.07531104003814841,0.06344050354490337,0.15448398362523375,0.18521545391918512,0.24132825095161217,0.33681433362790436,0.05191066307490779,2.7320132714235297,1,1,75,40,151,81
r1_s1_rhw75_shw60,18120,0.07490768457846149,0.06330745597488682,0.15392112592387439,0.18504361438076636,0.23918288547087682,0.33681433362790436,0.04066629174026301,2.7223774142518176,1,1,75,60,151,121
r1_s1_rhw75_shw80,24120,0.07195526224285527,0.05994015124259784,0.14951801641518958,0.17899485142893778,0.23553029648253873,0.33681433362790436,0.058335029620246406,2.3389321755632264,1,1,75,80,151,161
r1_s1_rhw75_shw100,30160,0.06751175678800621,0.055261688045964846,0.1432114568787675,0.17134918368453944,0.22803640740578804,0.33681433362790436,0.04673621215278572,1.9475683720350458,1,1,75,100,151,201
r1_s2_rhw25_shw40,2058,0.07938538242128414,0.0680364498035509,0.1650611606557292,0.19424129737412876,0.24761771415575679,0.29944749579957286,0.20206272696155275,4.039908577365513,1,2,25,40,51,41
r1_s2_rhw25_shw60,3078,0.07796887203727006,0.06717579253950716,0.16073758900452584,0.1902451641631065,0.24298916029477374,0.29944749579957286,0.15111920460781955,3.031461552603032,1,2,25,60,51,61
r1_s2_rhw25_shw80,4098,0.0745329260442238,0.06356621672537,0.15249140175860565,0.18089196134222996,0.23685679875392768,0.29944749579957286,0.11585605688909774,2.4500806870531453,1,2,25,80,51,81
r1_s2_rhw25_shw100,5118,0.07057260358442108,0.0596404408881486,0.14420203805380893,0.17427938945991686,0.23327980573497337,0.29944749579957286,0.09223549637565016,2.0403728023314467,1,2,25,100,51,101
r1_s2_rhw35_shw40,2865,0.07946106771889287,0.06833146656463202,0.16294118329024943,0.19378547828203177,0.24580157025102986,0.30352425816823364,0.1780645448094454,4.105325698750071,1,2,35,40,71,41
r1_s2_rhw35_shw60,4285,0.07778259510331266,0.06744300971577022,0.15768821413994352,0.18891892709466798,0.24268435793628765,0.30352425816823364,0.11929742716612614,3.104250504160592,1,2,35,60,71,61
r1_s2_rhw35_shw80,5705,0.07420713645314016,0.06326747560150316,0.15110691467239634,0.18025249502902357,0.2362012921153106,0.30352425816823364,0.08634836404915255,2.51604531526179,1,2,35,80,71,81
r1_s2_rhw35_shw100,7125,0.07000472527868673,0.05882557310948541,0.14410676393857638,0.17366126727874387,0.2307777916574833,0.30352425816823364,0.06527193274428814,2.0708153400949274,1,2,35,100,71,101
r1_s2_rhw50_shw40,4089,0.08148853101485458,0.06961989144248269,0.16633806958951947,0.19900279540587712,0.26059086641154455,0.326091156900174,0.15306066448886232,3.583430943307981,1,2,50,40,101,41
r1_s2_rhw50_shw60,6099,0.07938620656675754,0.06810928496611517,0.16292158797281475,0.19459747153063664,0.24608616674349623,0.326091156900174,0.09430709148557048,3.270522145230783,1,2,50,60,101,61
r1_s2_rhw50_shw80,8119,0.0758418837955501,0.06443636955590429,0.15576615521290246,0.18618568347882866,0.24092624013357172,0.326091156900174,0.07681560470928703,2.623761113149246,1,2,50,80,101,81
r1_s2_rhw50_shw100,10139,0.0715962164159779,0.059302439875646984,0.15033553769431415,0.17711101463904624,0.23565222862109925,0.326091156900174,0.06274616687452464,2.1325233939420243,1,2,50,100,101,101
r1_s2_rhw75_shw40,6139,0.07788403223604826,0.06698542062920365,0.16009955749924018,0.18992015604110013,0.24560348526179018,0.326091156900174,0.1233507235119727,2.7756917103397725,1,2,75,40,151,41
r1_s2_rhw75_shw60,9135,0.07588260677523449,0.06493401338101071,0.15525758933535172,0.18503177870158125,0.23966316236120835,0.326091156900174,0.09726834393271637,2.678598187732275,1,2,75,60,151,61
r1_s2_rhw75_shw80,12137,0.07217184435219125,0.06066007987021865,0.1496871264660235,0.17737890824125466,0.23502005116039956,0.326091156900174,0.1294521366837579,2.333056051929891,1,2,75,80,151,81
r1_s2_rhw75_shw100,15157,0.06771369124758483,0.0560307179930334,0.14344415583464348,0.17124057696650954,0.2281932138104942,0.326091156900174,0.10343558036492323,1.9296950528722572,1,2,75,100,151,101
r1_s4_rhw25_shw40,1055,0.08571408931156276,0.07467888190764056,0.1750123100353344,0.20295333729394982,0.26236492808772316,0.29944749579957286,0.49695306118527033,3.4554289905308164,1,4,25,40,51,21
r1_s4_rhw25_shw60,1565,0.08425818775442281,0.07312548325386428,0.17259358170536734,0.1991587726261207,0.24705680640911099,0.29944749579957286,0.3370983443096054,2.843810153941205,1,4,25,60,51,31
r1_s4_rhw25_shw80,2075,0.07947018514903686,0.06781435310633868,0.16497107358047355,0.19094188611907223,0.2437006086261362,0.29944749579957286,0.2631762950247537,2.4222608484158012,1,4,25,80,51,41
r1_s4_rhw25_shw100,2585,0.07457392078417034,0.06356574927598828,0.15253904165322407,0.18289671938244295,0.2374515163021187,0.29944749579957286,0.21083944450656475,2.0409507399606475,1,4,25,100,51,51
r1_s4_rhw35_shw40,1470,0.08542890940354957,0.07521613703573467,0.17420631122160962,0.20260735543023903,0.26064250443743636,0.2994514643411168,0.42416130234573696,3.5756375083683,1,4,35,40,71,21
r1_s4_rhw35_shw60,2180,0.08399856684204363,0.07379679437004943,0.17079582239114807,0.19921631610139667,0.2497310873731231,0.2994514643411168,0.26859039547390184,2.977805036951463,1,4,35,60,71,31
r1_s4_rhw35_shw80,2890,0.07903315079395376,0.06778652162256396,0.16343166887441885,0.19092431765480952,0.24366763975061134,0.2994514643411168,0.20643292876488645,2.470712216443691,1,4,35,80,71,41
r1_s4_rhw35_shw100,3600,0.07392095069708983,0.06212738799588405,0.15212899468415203,0.18346244066634884,0.23649152597343936,0.2994514643411168,0.16204552376996623,2.120053716972127,1,4,35,100,71,51
r1_s4_rhw50_shw40,2096,0.08841790736099543,0.07754776455787954,0.17989225078902937,0.21248986289768923,0.2677556974170868,0.326091156900174,0.36128383490317817,3.4956152285757454,1,4,50,40,101,21
r1_s4_rhw50_shw60,3102,0.08570037841277413,0.07528407466031277,0.1732949378278009,0.20658574148605746,0.26082731421431216,0.326091156900174,0.21914925605118132,3.1330192501187373,1,4,50,60,101,31
r1_s4_rhw50_shw80,4112,0.08084797261579199,0.06889680154691796,0.16590060423589056,0.19775458233179108,0.25078077915194347,0.326091156900174,0.17890195839449496,2.623052065549193,1,4,50,80,101,41
r1_s4_rhw50_shw100,5122,0.07565847965863598,0.06337478431887346,0.1589897506841695,0.18916365510669414,0.24383317574625352,0.326091156900174,0.1449463955461134,2.248768847111784,1,4,50,100,101,51
r1_s4_rhw75_shw40,3146,0.08469793881065053,0.07421351275770831,0.17129385272283104,0.20263202062569247,0.26070773141751025,0.326091156900174,0.2909303126453134,2.77307969704255,1,4,75,40,151,21
r1_s4_rhw75_shw60,4643,0.08194752056096738,0.07088903342106559,0.16604600549298756,0.19731825046424858,0.2481243752551926,0.326091156900174,0.18309032213993637,2.664924212577301,1,4,75,60,151,31
r1_s4_rhw75_shw80,6144,0.07680679043986288,0.06493453573666597,0.1587863873775508,0.18905105365642041,0.2434134392205744,0.326091156900174,0.14479327381052345,2.3429590047865294,1,4,75,80,151,41
r1_s4_rhw75_shw100,7654,0.07147797025133537,0.05881616586346679,0.15022660006227193,0.17985555818202126,0.23717704567965225,0.326091156900174,0.1157992221710955,1.9783687052696646,1,4,75,100,151,51
r1_s5_rhw25_shw40,853,0.07842146774597056,0.065021685440303,0.1620978150881102,0.1960687847415165,0.24559356251422748,0.30589911023378746,0.05491758636564796,3.530076736051576,1,5,25,40,51,17
r1_s5_rhw25_shw60,1261,0.07934879898086745,0.06674246878866918,0.1650516945320476,0.1974778683578953,0.24628439474628172,0.3364615821128611,-0.004429471034833249,2.9872968130617905,1,5,25,60,51,25
r1_s5_rhw25_shw80,1669,0.07723189555276959,0.0645814879193015,0.15863386121377643,0.18957928667393886,0.24306159394266008,0.3364615821128611,-0.022266979273194952,2.566820158191454,1,5,25,80,51,33
r1_s5_rhw25_shw100,2077,0.07279645524325042,0.06092255096722121,0.14663887623335356,0.18002496250490746,0.23672630515076584,0.3364615821128611,-0.018406403906835518,2.1241917991244996,1,5,25,100,51,41
r1_s5_rhw35_shw40,1188,0.07920145448792855,0.0670969764147983,0.16284958102222763,0.19756251382011442,0.24766610202117953,0.30589911023378746,0.018261281754863176,4.122532388614025,1,5,35,40,71,17
r1_s5_rhw35_shw60,1756,0.07978616312054977,0.06772560892324303,0.1646063239440273,0.19798791701170892,0.25057215612309636,0.3364615821128611,-0.049595748890162966,3.117878804500379,1,5,35,60,71,25
r1_s5_rhw35_shw80,2324,0.07765600963640606,0.06567315367288132,0.158390906428442,0.19080043234177738,0.24462659161388334,0.3364615821128611,-0.06250363751640502,2.685281128310218,1,5,35,80,71,33
r1_s5_rhw35_shw100,2892,0.07283518547418158,0.06077579628592197,0.14816144048517674,0.18241835120197356,0.2399487145383109,0.3364615821128611,-0.05394155149004028,2.22167427268191,1,5,35,100,71,41
r1_s5_rhw50_shw40,1696,0.08341557283839329,0.06964414513552253,0.17255645885172477,0.20531280432005547,0.26801492362524165,0.326091156900174,0.12607574911865543,3.826393582970253,1,5,50,40,101,17
r1_s5_rhw50_shw60,2499,0.08264594582388571,0.06943689851789114,0.169018466739436,0.20511307835298226,0.2663771895567277,0.3364615821128611,0.02490835071462602,3.4609268812473015,1,5,50,60,101,25
r1_s5_rhw50_shw80,3307,0.07974512426647778,0.06767625565420182,0.16452239016314826,0.1976129025842472,0.2596729760754273,0.3364615821128611,0.0007120651735195659,2.8471237877015283,1,5,50,80,101,33
r1_s5_rhw50_shw100,4115,0.07479373451751692,0.0619065776919607,0.15508506463744812,0.18769311042984974,0.24562049568618344,0.3364615821128611,0.0018670356413957065,2.3808701677399133,1,5,50,100,101,41
r1_s5_rhw75_shw40,2546,0.07974823402096733,0.0658115384004846,0.16581202873918788,0.19780199979574972,0.2613597629466842,0.326091156900174,0.11016667981053864,2.984798977243284,1,5,75,40,151,17
r1_s5_rhw75_shw60,3742,0.0793302626627877,0.06606142905243341,0.16467511005258154,0.19786200592184344,0.25159930514429857,0.3364615821128611,0.060835879679368224,2.9104676096774784,1,5,75,60,151,25
r1_s5_rhw75_shw80,4942,0.07618310393766344,0.06354346603775754,0.1572777815628828,0.19058058035264422,0.24525808007579444,0.3364615821128611,0.022541769688203105,2.664486821830166,1,5,75,80,151,33
r1_s5_rhw75_shw100,6150,0.07099006381900268,0.05785290957379123,0.15008039995917377,0.1809734342340707,0.23955991847030444,0.3364615821128611,0.017535317202117217,2.1076338875824776,1,5,75,100,151,41
r1_s10_rhw25_shw40,451,0.0916548123765541,0.07705861074327677,0.18825733187166974,0.21677454400056625,0.2505970627828796,0.29944749579957286,0.22324232560068558,3.475947972878614,1,10,25,40,51,9
r1_s10_rhw25_shw60,655,0.08327667877894827,0.070519082600487,0.17099669862622355,0.19803677551551435,0.2455921449788614,0.29944749579957286,0.14655515498634789,2.9936885356121894,1,10,25,60,51,13
r1_s10_rhw25_shw80,859,0.07808134745949856,0.0649818006931771,0.16091198476858934,0.1909198532076444,0.24390590413245808,0.29944749579957286,0.0948980947465375,2.6388899843400213,1,10,25,80,51,17
r1_s10_rhw25_shw100,1063,0.07358557892057996,0.06136327202675533,0.1467068118518933,0.1816499330394796,0.2409577408313853,0.29944749579957286,0.07618994235440095,2.359205186881197,1,10,25,100,51,21
r1_s10_rhw35_shw40,629,0.09230633363179855,0.07912256715494545,0.1886506983761944,0.21856443509732754,0.2615234979649768,0.2994514643411168,0.1781715872271431,3.6827924598331365,1,10,35,40,71,9
r1_s10_rhw35_shw60,913,0.08369167854516248,0.07142558234760413,0.17048674261274668,0.19952316482625376,0.24983893746065244,0.2994514643411168,0.10552572387036685,3.153170066591239,1,10,35,60,71,13
r1_s10_rhw35_shw80,1197,0.07832693469106014,0.06565104070678507,0.1603101726312263,0.19300321971515716,0.24556237673617323,0.2994514643411168,0.0581290113971282,2.798791977058779,1,10,35,80,71,17
r1_s10_rhw35_shw100,1481,0.07349210673428636,0.061324308655866244,0.14968705617894595,0.18594915793206188,0.24292012433041332,0.2994514643411168,0.04348574082101916,2.4400118138331433,1,10,35,100,71,21
r1_s10_rhw50_shw40,897,0.09650850914252969,0.08477738227684675,0.19385891332013572,0.22362686150364883,0.28679955705038335,0.326091156900174,0.32847380330464265,4.383804724917771,1,10,50,40,101,9
r1_s10_rhw50_shw60,1299,0.08761229510286121,0.07313850345770645,0.17694430773723965,0.21241677256219352,0.27539721718574467,0.326091156900174,0.21467133314631692,3.484058136991196,1,10,50,60,101,13
r1_s10_rhw50_shw80,1703,0.08126536855495499,0.067675007279909,0.16622044285420046,0.1985358611386203,0.2658785544692128,0.326091156900174,0.14785095291454783,2.9862976787343865,1,10,50,80,101,17
r1_s10_rhw50_shw100,2107,0.07613978383664158,0.06218622697946093,0.1601150986969703,0.1907890439678136,0.2508162413889719,0.326091156900174,0.12071399497004491,2.568892536805536,1,10,50,100,101,21
r1_s10_rhw75_shw40,1347,0.0909020162819392,0.07767711915033018,0.18177330889934326,0.21343934526587632,0.2820956591463041,0.326091156900174,0.2553732276429717,3.2393903661788626,1,10,75,40,151,9
r1_s10_rhw75_shw60,1944,0.08236098949501451,0.06827511020810959,0.16833550081625598,0.19953178148761122,0.2661850146375141,0.326091156900174,0.21139771466626622,3.024110146895932,1,10,75,60,151,13
r1_s10_rhw75_shw80,2546,0.07650904692472112,0.06250306863762445,0.1604821298402956,0.19050132855838497,0.2499805451041302,0.326091156900174,0.15657264332616705,2.7936848323333083,1,10,75,80,151,17
r1_s10_rhw75_shw100,3150,0.07137017842631241,0.05777610754059085,0.15258995794523117,0.18104233946852324,0.24385451927062876,0.326091156900174,0.1256800219049791,2.2727805404321937,1,10,75,100,151,21
r2_s1_rhw25_shw40,1993,0.07748867961416071,0.06757600864057585,0.1592498464414268,0.1877340896818436,0.23990098552043976,0.2946820569584216,0.050798771965205804,4.067123317385177,2,1,25,40,26,81
r2_s1_rhw25_shw60,2993,0.07773440479378539,0.06757600864057585,0.15950783004294417,0.1884618618151132,0.24268434978981138,0.3061394825567033,0.05590702617361942,3.1060493670575244,2,1,25,60,26,121
r2_s1_rhw25_shw80,3993,0.07545426768784154,0.0646159796359614,0.1531938708366251,0.17965429364941402,0.23692767563237757,0.3061394825567033,0.03923968564324259,2.5347635967613438,2,1,25,80,26,161
r2_s1_rhw25_shw100,4993,0.0717253109817283,0.061131392712091004,0.14504240008189478,0.1725213985542165,0.23258856029972066,0.3061394825567033,0.033328082378778656,2.0947543731914693,2,1,25,100,26,201
r2_s1_rhw35_shw40,2790,0.07706147133619262,0.0670845099969555,0.1573765045092516,0.1861809360677005,0.2399015419815815,0.2994514643411168,0.05248898799735957,4.1340225891358156,2,1,35,40,36,81
r2_s1_rhw35_shw60,4190,0.07625147730413684,0.06581415223900176,0.15549099291397375,0.18507594546424114,0.24120089351441704,0.3061394825567033,0.04898097395920524,3.1235161890480083,2,1,35,60,36,121
r2_s1_rhw35_shw80,5590,0.07367196515445307,0.06296606958723291,0.14998732475335552,0.17653605846895296,0.23587024959317315,0.3061394825567033,0.03214761451144036,2.4736232713007063,2,1,35,80,36,161
r2_s1_rhw35_shw100,6990,0.06937279891263842,0.05853885852314007,0.1434410738218022,0.1685964553334915,0.22686429586906018,0.3061394825567033,0.02686738172002729,2.0605166031616426,2,1,35,100,36,201
r2_s1_rhw50_shw40,4078,0.07974183521021504,0.06813491928903906,0.16440432610503408,0.19476104556099877,0.2460903824731234,0.326091156900174,0.027317869589405602,3.5758590920936304,2,1,50,40,51,81
r2_s1_rhw50_shw60,6104,0.07891839809128252,0.06793576927970188,0.16268311948100886,0.19366950433384947,0.2460721048410859,0.326091156900174,0.042499725842257155,3.3356496534545763,2,1,50,60,51,121
r2_s1_rhw50_shw80,8144,0.07602590645425189,0.06449688303291831,0.15558821324895658,0.18536485906805525,0.2414239660135141,0.326091156900174,0.038945559340510534,2.6865948496465406,2,1,50,80,51,161
r2_s1_rhw50_shw100,10184,0.07175270491269833,0.05932924044609739,0.1491068410058241,0.17507361636486532,0.23587604582912355,0.326091156900174,0.03926076691372846,2.2087282829841874,2,1,50,100,51,201
r2_s1_rhw75_shw40,6022,0.0763243588767282,0.06494111171707548,0.15637211010523513,0.18649303361243572,0.24058778059478897,0.326091156900174,0.03374294339220562,2.7510656226479293,2,1,75,40,76,81
r2_s1_rhw75_shw60,8998,0.07538829741724914,0.06421847182870838,0.1550107350018988,0.1851241663273947,0.23899343121099387,0.326091156900174,0.04060824745482476,2.707822602827928,2,1,75,60,76,121
r2_s1_rhw75_shw80,11978,0.07230148601962168,0.060694692398834904,0.14999348051172248,0.1780956243711755,0.23555123601609088,0.326091156900174,0.04600428933978337,2.379034089562067,2,1,75,80,76,161
r2_s1_rhw75_shw100,14978,0.06759139746281528,0.05596388192326794,0.14331471205644092,0.17092052659393245,0.22812688444757162,0.326091156900174,0.04310136796027734,1.96245524340238,2,1,75,100,76,201
r2_s2_rhw25_shw40,999,0.0808772213492841,0.06846127135551197,0.16489052345836608,0.1947669165593065,0.24572285079290931,0.2946820569584216,0.10053431560854037,3.4608502765913856,2,2,25,40,26,41
r2_s2_rhw25_shw60,1499,0.07893929274478624,0.06737590315427852,0.16285671382151176,0.1909191022237775,0.24364785842529635,0.2946820569584216,0.0906885384390896,2.914969437386789,2,2,25,60,26,61
r2_s2_rhw25_shw80,1999,0.07587089651585618,0.06447082889068922,0.15510868142638026,0.17959646942461974,0.23989987259815626,0.2946820569584216,0.07418807737422821,2.348232198666985,2,2,25,80,26,81
r2_s2_rhw25_shw100,2499,0.07206963346520015,0.060806310779889725,0.1444483010016457,0.1736009002970901,0.23578707233128285,0.2946820569584216,0.061126077147178555,1.9739631255394778,2,2,25,100,26,101
r2_s2_rhw35_shw40,1399,0.0796446918255069,0.06798267126414612,0.16200903472685033,0.1934360043532524,0.24618876407329265,0.2994514643411168,0.12421470697781595,3.3671581933481107,2,2,35,40,36,41
r2_s2_rhw35_shw60,2099,0.07720762319650629,0.06681256564244897,0.15688823744793162,0.18596851068082448,0.24270362385630723,0.2994514643411168,0.09785117456988544,2.8291601387281484,2,2,35,60,36,61
r2_s2_rhw35_shw80,2799,0.07390640029935426,0.06264621234720186,0.1497689790007119,0.17619499687961165,0.23649503155321994,0.2994514643411168,0.0781167109489619,2.325534698119699,2,2,35,80,36,81
r2_s2_rhw35_shw100,3499,0.06957464068093012,0.05824146659728913,0.14135448414456173,0.1710424699936585,0.22998868071303688,0.2994514643411168,0.06350946783009803,1.9383729636557039,2,2,35,100,36,101
r2_s2_rhw50_shw40,2049,0.08197452799364277,0.06874645309777605,0.1671047519053233,0.1984411570756779,0.2549462465912237,0.326091156900174,0.08957567591765184,3.2761267752218908,2,2,50,40,51,41
r2_s2_rhw50_shw60,3059,0.07945773831829471,0.06773746455469203,0.16455528929263907,0.19429467672800396,0.2449532931206947,0.326091156900174,0.07416754844680193,3.03079161849647,2,2,50,60,51,61
r2_s2_rhw50_shw80,4079,0.07609551485034136,0.06391263460629043,0.15717085499073025,0.18553780623652363,0.23927902710190424,0.326091156900174,0.07283744918086481,2.4865628208660207,2,2,50,80,51,81
r2_s2_rhw50_shw100,5099,0.07181829702221987,0.05870759765970457,0.15136295106281394,0.1759244901227496,0.23395619807717827,0.326091156900174,0.06615919748050536,2.089865172953569,2,2,50,100,51,101
r2_s2_rhw75_shw40,3033,0.07858035370738466,0.0671010380258151,0.16209243414723673,0.19029941833872002,0.24501672995769191,0.326091156900174,0.09070422049790687,2.589127637700748,2,2,75,40,76,41
r2_s2_rhw75_shw60,4513,0.07607942968288077,0.06478146234847534,0.15687117729911612,0.18465107666515626,0.23991582448421972,0.326091156900174,0.08213339357946449,2.4818557956138,2,2,75,60,76,61
r2_s2_rhw75_shw80,5999,0.07251116027334449,0.060238171211637534,0.15105791853436132,0.17729054898693897,0.2357347065825628,0.326091156900174,0.07849583021392448,2.160209820835612,2,2,75,80,76,81
r2_s2_rhw75_shw100,7499,0.06777036688076044,0.055470580213157206,0.14389712070991684,0.17110901448604346,0.2290493659143593,0.326091156900174,0.06885495133654738,1.880274209571338,2,2,75,100,76,101
r2_s4_rhw25_shw40,512,0.08604092317758119,0.07554708481370556,0.17548592557898102,0.20132381659898885,0.24974365841651167,0.2946820569584216,0.1927220332891867,3.125331303425292,2,4,25,40,26,21
r2_s4_rhw25_shw60,762,0.0842698784756014,0.07424512655014419,0.17423636922970878,0.19849592391706286,0.24558718360508003,0.2946820569584216,0.13890403920270925,2.65528020399805,2,4,25,60,26,31
r2_s4_rhw25_shw80,1012,0.07989959287276566,0.06814382088590668,0.16524607000238978,0.19116657524868902,0.2435379704741232,0.2946820569584216,0.117316331532732,2.298528923508786,2,4,25,80,26,41
r2_s4_rhw25_shw100,1262,0.07533443597247722,0.06372768223738938,0.1514329707916299,0.1814925732782029,0.2417468987962401,0.2946820569584216,0.09588793135801094,1.9296365863438512,2,4,25,100,26,51
r2_s4_rhw35_shw40,718,0.08507670432510502,0.07339572870857305,0.1756934178171497,0.20428033522387856,0.2605513600869815,0.2994514643411168,0.20828933007008457,3.1515191389660004,2,4,35,40,36,21
r2_s4_rhw35_shw60,1068,0.08280029664261483,0.07211602698585245,0.1714409480426024,0.19746137106895967,0.24725647329333084,0.2994514643411168,0.13773224565240155,2.6551046536165797,2,4,35,60,36,31
r2_s4_rhw35_shw80,1418,0.07805549691529148,0.06677708485072764,0.16274568257537234,0.18928724373849734,0.243825890353131,0.2994514643411168,0.11534184567880588,2.327270144676623,2,4,35,80,36,41
r2_s4_rhw35_shw100,1768,0.07294372210237482,0.06016204486115374,0.1473196358609679,0.18052198583684848,0.24165469130308292,0.2994514643411168,0.09359322744604143,1.965735301602957,2,4,35,100,36,51
r2_s4_rhw50_shw40,1050,0.08850430198426726,0.07646149069147172,0.18167618607306815,0.21423945486669146,0.27578677564571125,0.326091156900174,0.16363743535802983,3.1771491930023963,2,4,50,40,51,21
r2_s4_rhw50_shw60,1556,0.08522670531291145,0.0732750684260845,0.17536750122329103,0.20723142181694096,0.2612634482300413,0.326091156900174,0.10732394498354687,3.0143505479751065,2,4,50,60,51,31
r2_s4_rhw50_shw80,2066,0.08057108464681942,0.06780047111173797,0.16844539605046244,0.19749323613154768,0.24633472430315295,0.326091156900174,0.10559322318225811,2.4936782330502547,2,4,50,80,51,41
r2_s4_rhw50_shw100,2576,0.07545030358605564,0.06137989293125354,0.1585780580099505,0.18830929206408192,0.24369841070110126,0.326091156900174,0.09249141534235987,2.1454222580150124,2,4,50,100,51,51
r2_s4_rhw75_shw40,1554,0.08544080035060408,0.07408301067281763,0.17452138300057227,0.20676479291078867,0.2612827111733698,0.326091156900174,0.1688362351913231,2.62231601937837,2,4,75,40,76,21
r2_s4_rhw75_shw60,2294,0.08192528220357569,0.0697737499738612,0.1683186204603237,0.19876257461818464,0.24771293657416268,0.326091156900174,0.1294307570797493,2.4494233567052697,2,4,75,60,76,31
r2_s4_rhw75_shw80,3038,0.07690236440627934,0.06419560099284183,0.16192770532704703,0.18902971502930072,0.24377070009916335,0.326091156900174,0.1118945997789671,2.1608347847147384,2,4,75,80,76,41
r2_s4_rhw75_shw100,3788,0.07133033577755508,0.058082718611303374,0.15136564637538344,0.17971904386962184,0.23932005399737347,0.326091156900174,0.09545866471654318,1.8765580406902858,2,4,75,100,76,51
r2_s5_rhw25_shw40,419,0.08137083614310885,0.0700086731836181,0.16674811580673876,0.19757557822110183,0.2452542100798323,0.28361866951897086,0.07466898101298983,4.154150714241394,2,5,25,40,26,17
r2_s5_rhw25_shw60,619,0.08169638422576422,0.07023131700610932,0.16674811580673876,0.19785871955809894,0.24561766061545123,0.3061394825567033,0.015927778643392603,3.0326420572668416,2,5,25,60,26,25
r2_s5_rhw25_shw80,819,0.07973800851131821,0.06903626639257182,0.16018656272520213,0.19409045334797867,0.2436510506603555,0.3061394825567033,-0.00339203185089951,2.6902046135120186,2,5,25,80,26,33
r2_s5_rhw25_shw100,1019,0.07524390365434953,0.0642470854572072,0.14959187375164013,0.17930323504454493,0.2413205523433727,0.3061394825567033,-0.0010003506924833967,2.171719866535487,2,5,25,100,26,41
r2_s5_rhw35_shw40,586,0.08114040759698797,0.06912548512584159,0.1673859600398852,0.198532224246393,0.24674216355391654,0.2994514643411168,0.005104680004065578,4.324509683099544,2,5,35,40,36,17
r2_s5_rhw35_shw60,866,0.08076308459167827,0.06912548512584159,0.16591999058258022,0.19828934270333265,0.2520636281884935,0.3061394825567033,-0.04439642759394883,3.1396453230940313,2,5,35,60,36,25
r2_s5_rhw35_shw80,1146,0.07893251232204714,0.06861133883427975,0.15920738997645711,0.19321251205257298,0.24559852388800885,0.3061394825567033,-0.051142174866822876,2.6739967640537965,2,5,35,80,36,33
r2_s5_rhw35_shw100,1426,0.07368765443208136,0.06199890389863537,0.14692626701853004,0.18046333846661983,0.24242137880903844,0.3061394825567033,-0.04009306191349954,2.254659694013257,2,5,35,100,36,41
r2_s5_rhw50_shw40,856,0.08531714574979557,0.07150640163037028,0.17618141072308843,0.2071346232082414,0.26531154782260313,0.326091156900174,0.04433511204400736,4.116350384619338,2,5,50,40,51,17
r2_s5_rhw50_shw60,1261,0.08362405080267395,0.07053215280659539,0.17123743815070092,0.2039188966467681,0.2631942052741296,0.326091156900174,-0.017191830125653788,3.4868494457658974,2,5,50,60,51,25
r2_s5_rhw50_shw80,1669,0.08080212567146525,0.06947123604775056,0.16462513334803489,0.19737866779240074,0.2519165740167691,0.326091156900174,-0.020506754816711822,2.902783926810793,2,5,50,80,51,33
r2_s5_rhw50_shw100,2077,0.07567346996123446,0.06330500813052364,0.15501434348793655,0.18647956107585348,0.24557655208983423,0.326091156900174,-0.008765144112387192,2.4258739169403087,2,5,50,100,51,41
r2_s5_rhw75_shw40,1264,0.08122048883338241,0.06783332378270703,0.16864079422833325,0.200471480787699,0.2611863964567269,0.326091156900174,0.0647102798330981,3.0290227133474863,2,5,75,40,76,17
r2_s5_rhw75_shw60,1859,0.07981219823331123,0.06748482149435131,0.16466178548523863,0.1978201700466515,0.2524067545891829,0.326091156900174,0.036508952112189075,2.9727386263585642,2,5,75,60,76,25
r2_s5_rhw75_shw80,2455,0.07670934356603298,0.06421934820914632,0.15687841946720113,0.18945014717501515,0.24492230989489647,0.326091156900174,0.009931159699671878,2.6475579381070227,2,5,75,80,76,33
r2_s5_rhw75_shw100,3055,0.07121301798897356,0.058779229508676076,0.15064836662948208,0.17944493006265075,0.24211634192125434,0.326091156900174,0.013580172579088412,2.102095056640671,2,5,75,100,76,41
r2_s10_rhw25_shw40,219,0.09627838611352502,0.08715661315378959,0.19588894496029818,0.2247065498579157,0.2494988321898131,0.28361866951897086,0.2513068420762889,3.4915611493112237,2,10,25,40,26,9
r2_s10_rhw25_shw60,319,0.08771494655386657,0.07663767108025218,0.1755180875721709,0.19907634682477127,0.2456176606154512,0.28361866951897086,0.17162770105298714,3.0113770020807045,2,10,25,60,26,13
r2_s10_rhw25_shw80,419,0.08202332466022916,0.07031113384642265,0.16582989027808384,0.19602850416006076,0.2452542100798323,0.28361866951897086,0.11701725716664099,2.716271073819621,2,10,25,80,26,17
r2_s10_rhw25_shw100,519,0.07717253441370109,0.06429378047179829,0.15043569880843122,0.18991069849075484,0.24365105066035564,0.28361866951897086,0.09606274368497582,2.4322324663845465,2,10,25,100,26,21
r2_s10_rhw35_shw40,307,0.09675604548657506,0.0893346098743402,0.1960687847415165,0.22775993244915832,0.26173539034159093,0.2994514643411168,0.22287617594054598,3.5198313705831827,2,10,35,40,36,9
r2_s10_rhw35_shw60,447,0.08759876118437626,0.0771651025898096,0.17899451375786926,0.20784909066668722,0.2560082955279023,0.2994514643411168,0.14895786841805156,3.1313228846548755,2,10,35,60,36,13
r2_s10_rhw35_shw80,587,0.08134273166764727,0.06902307621158878,0.16503295584622543,0.19676918168154245,0.24669974199355035,0.2994514643411168,0.09798923005832197,2.7397783357549783,2,10,35,80,36,17
r2_s10_rhw35_shw100,727,0.07573557465003539,0.0621059407792772,0.1531057537761775,0.19054809308152273,0.24561199047398682,0.2994514643411168,0.08007278200560618,2.5044699855921158,2,10,35,100,36,21
r2_s10_rhw50_shw40,449,0.10000668304742548,0.08987499220810755,0.1987375593283635,0.22733421944353702,0.2837089905511364,0.326091156900174,0.20142495293270926,4.121759638114691,2,10,50,40,51,9
r2_s10_rhw50_shw60,651,0.09090409990717374,0.07933839616224882,0.18259493949189867,0.21407198283843792,0.26759132489005427,0.326091156900174,0.1588042055754117,3.4773413100678874,2,10,50,60,51,13
r2_s10_rhw50_shw80,855,0.08376670264066638,0.06944500823554897,0.1711969066753534,0.20305148966472947,0.26127307970170555,0.326091156900174,0.11473536417950908,3.014772507364765,2,10,50,80,51,17
r2_s10_rhw50_shw100,1059,0.078167703340183,0.06250905013397388,0.16307896710545777,0.1957643640386568,0.24788754568380555,0.326091156900174,0.09989186013693258,2.591404767578676,2,10,50,100,51,21
r2_s10_rhw75_shw40,665,0.09360587745074161,0.08251326759242672,0.18999507730200488,0.21917574806086698,0.2773138081078507,0.326091156900174,0.18116928504451255,3.2474722549420574,2,10,75,40,76,9
r2_s10_rhw75_shw60,961,0.08480748654088849,0.0706589371571413,0.17139673291173205,0.2045517594675278,0.26409488236108214,0.326091156900174,0.1485138661513963,3.0294402317278113,2,10,75,60,76,13
r2_s10_rhw75_shw80,1259,0.07828792591732651,0.06361464959993637,0.16352067465695116,0.1940801146994429,0.2498743925696429,0.326091156900174,0.12276590794997612,2.8589392955526645,2,10,75,80,76,17
r2_s10_rhw75_shw100,1559,0.0726186102250743,0.05870759765970457,0.15449460781316385,0.18180777171672036,0.2455893099081292,0.326091156900174,0.10422037368020934,2.3509476558995432,2,10,75,100,76,21
r3_s1_rhw25_shw40,1357,0.08359051062604432,0.07204732338220513,0.17232352088259845,0.1990626042468288,0.26293729382790676,0.30589911023378746,0.16273073028551666,4.710795916392855,3,1,25,40,17,81
r3_s1_rhw25_shw60,2037,0.08447411340754722,0.07327207000639921,0.17361784308147152,0.20109135503172476,0.2548490025837569,0.3364615821128611,0.1236859955617194,3.360903769667123,3,1,25,60,17,121
r3_s1_rhw25_shw80,2717,0.08280300695735669,0.07187009524887641,0.16994039980594222,0.19572446219565728,0.24937358478615881,0.3364615821128611,0.08712055941350891,2.72480499777369,3,1,25,80,17,161
r3_s1_rhw25_shw100,3397,0.08002942629118602,0.06869468547377605,0.16066287904000084,0.1881350282912419,0.24272270648061073,0.3364615821128611,0.06968728860720286,2.293714346274615,3,1,25,100,17,201
r3_s1_rhw35_shw40,1916,0.0781084970951084,0.06603155206312464,0.16129313598633663,0.19252683035252735,0.24527212980190866,0.30589911023378746,0.08302312926039072,4.646464174758082,3,1,35,40,24,81
r3_s1_rhw35_shw60,2876,0.07832950637399924,0.06700619485214082,0.16205617889107465,0.1929744791491581,0.2447755995817172,0.3364615821128611,0.0621897159614947,3.2249639193895905,3,1,35,60,24,121
r3_s1_rhw35_shw80,3836,0.07632068330847139,0.06479221011448238,0.1568973508167693,0.18673357382031214,0.23717215821087334,0.3364615821128611,0.03704689725099224,2.5710248024315163,3,1,35,80,24,161
r3_s1_rhw35_shw100,4796,0.0728838392711101,0.05994920062565151,0.14806571771388416,0.17662870673510866,0.23462080648112324,0.3364615821128611,0.027548112547743264,2.162382608507868,3,1,35,100,24,201
r3_s1_rhw50_shw40,2722,0.0804116962429003,0.06849430793192854,0.16572640944348196,0.19614263247418537,0.2566272547209195,0.3256212213375055,0.15747806139605425,3.70401097662362,3,1,50,40,34,81
r3_s1_rhw50_shw60,4072,0.0802238958877919,0.06860066155373826,0.16594506555090116,0.1971725078037773,0.25128892597985897,0.3364615821128611,0.09631379529372279,3.3625572691771994,3,1,50,60,34,121
r3_s1_rhw50_shw80,5432,0.07756974215332173,0.06656200878688115,0.16039694201867224,0.19002520622592123,0.24430182561074015,0.3364615821128611,0.07728068511896442,2.656026538773408,3,1,50,80,34,161
r3_s1_rhw50_shw100,6792,0.0738155773765238,0.061283901606714285,0.1514825247016281,0.1816271256185358,0.23697579150864453,0.3364615821128611,0.06857412159796417,2.22167427268191,3,1,50,100,34,201
r3_s1_rhw75_shw40,4018,0.07720551321640858,0.06497504398395373,0.16011643191961075,0.1909425809324414,0.24599630723683724,0.3256212213375055,0.12205275990322154,2.8359458342212074,3,1,75,40,51,81
r3_s1_rhw75_shw60,6001,0.07680599267760588,0.06516012499825641,0.16005229886354322,0.19069317065885383,0.24364346257522637,0.3364615821128611,0.07579376558949981,2.8122701032011315,3,1,75,60,51,121
r3_s1_rhw75_shw80,7990,0.07390196321817556,0.062051254077342965,0.15286229665050638,0.1835787528556814,0.23698405495074598,0.3364615821128611,0.05739725137013801,2.407918591972441,3,1,75,80,51,161
r3_s1_rhw75_shw100,9990,0.06971801255222422,0.057052004365716266,0.14565589879552873,0.17578498375191273,0.2325746217363404,0.3364615821128611,0.050041345050680704,2.012957074799648,3,1,75,100,51,201
r3_s2_rhw25_shw40,688,0.0868863972061759,0.07640406281635322,0.1790449721897566,0.21195623528913385,0.2679377215906542,0.29944749579957286,0.21052486337534734,4.170514650442923,3,2,25,40,17,41
r3_s2_rhw25_shw60,1028,0.08601447184333029,0.07632794973283127,0.17454005175428258,0.21152067617592585,0.25524872382115454,0.29944749579957286,0.15758502891115392,3.1694835789714606,3,2,25,60,17,61
r3_s2_rhw25_shw80,1368,0.08346189459372043,0.07276711456641154,0.17142530644279305,0.19880704629731505,0.25043983386483093,0.29944749579957286,0.12167990890391564,2.5741962832159135,3,2,25,80,17,81
r3_s2_rhw25_shw100,1708,0.08057507019573289,0.0704249129369382,0.16024469646681494,0.18888314149235697,0.24445332794530852,0.29944749579957286,0.09731970771255385,2.2127507254530863,3,2,25,100,17,101
r3_s2_rhw35_shw40,971,0.08120605620512521,0.07085857779716431,0.16659919650215127,0.19753931825842488,0.2553154117952039,0.29944749579957286,0.1932293799141448,4.019453677621179,3,2,35,40,24,41
r3_s2_rhw35_shw60,1451,0.07986421665290137,0.06973299114305422,0.16387946012584587,0.1950097054439935,0.24997030171962625,0.29944749579957286,0.13622143686320468,2.993492359613219,3,2,35,60,24,61
r3_s2_rhw35_shw80,1931,0.07684528650644504,0.06685123491544966,0.15682723902075457,0.18665249493013056,0.24144050388367844,0.29944749579957286,0.10208257987219886,2.435430979991847,3,2,35,80,24,81
r3_s2_rhw35_shw100,2411,0.07332876173539721,0.06140089012453276,0.14817436632746928,0.1766203900646513,0.23634894552022853,0.29944749579957286,0.07957119793920225,2.118988238727185,3,2,35,100,24,101
r3_s2_rhw50_shw40,1379,0.08340928476378581,0.07415287889715044,0.17184580964572962,0.20291470061050315,0.2666159067569138,0.3256212213375055,0.2885309275267166,3.4627780578271388,3,2,50,40,34,41
r3_s2_rhw50_shw60,2056,0.08163982047790004,0.07181888001132766,0.16625592615946003,0.1994638418124266,0.2608332173113263,0.3256212213375055,0.1645854413648504,3.2766701536649014,3,2,50,60,34,61
r3_s2_rhw50_shw80,2736,0.0781738777766886,0.06771089348912677,0.16039590338810458,0.19066766291687315,0.25052888858462113,0.3256212213375055,0.13878236833652452,2.620652415891026,3,2,50,80,34,81
r3_s2_rhw50_shw100,3416,0.07432161637092134,0.06288707520233326,0.1517021373832455,0.18170107475328107,0.24206242276350629,0.3256212213375055,0.11770048787256038,2.2245176468169263,3,2,50,100,34,101
r3_s2_rhw75_shw40,2035,0.07931175401034486,0.06730661335025909,0.16487876930483678,0.19512655600906065,0.25590825823673224,0.3256212213375055,0.2255319646319471,2.813701204676627,3,2,75,40,51,41
r3_s2_rhw75_shw60,3028,0.07762323670374027,0.0664635264919137,0.16039538407282075,0.1915822105193561,0.24957609161698213,0.3256212213375055,0.1431878929905817,2.7719174102634585,3,2,75,60,51,61
r3_s2_rhw75_shw80,4022,0.07405536587548607,0.062175513276024365,0.15287487828796048,0.18298563855222516,0.23886720375408854,0.3256212213375055,0.11511155955115525,2.405877644945719,3,2,75,80,51,81
r3_s2_rhw75_shw100,5022,0.06987131450041839,0.057268160770346764,0.14576595661390837,0.17556871548450412,0.23585076215833886,0.3256212213375055,0.09603101420914321,1.9865764811779234,3,2,75,100,51,101
r3_s4_rhw25_shw40,353,0.0923548342395705,0.08112919924547699,0.1947075636260509,0.2239974135715213,0.28126019863051493,0.29944749579957286,0.3945883504898603,3.812452988395741,3,4,25,40,17,21
r3_s4_rhw25_shw60,523,0.09144594469110795,0.0802316300266212,0.1890339168612529,0.22090664374541275,0.26515333425123766,0.29944749579957286,0.26851667755800973,3.132432714039835,3,4,25,60,17,31
r3_s4_rhw25_shw80,693,0.08775755389818268,0.07726484477640037,0.1812670833467166,0.21297988256208275,0.25697494545851657,0.29944749579957286,0.21228812700837976,2.5722141077256655,3,4,25,80,17,41
r3_s4_rhw25_shw100,863,0.08405401075054127,0.07258981942891152,0.1721764667681737,0.2043845012056814,0.25006894566227766,0.29944749579957286,0.1703869233631824,2.191153095355214,3,4,25,100,17,51
r3_s4_rhw35_shw40,498,0.08677691864007017,0.07754776455787954,0.18311133065446444,0.21221161536839406,0.2661504790839158,0.29944749579957286,0.3372036774503413,3.9799536731351477,3,4,35,40,24,21
r3_s4_rhw35_shw60,738,0.08574407379344041,0.07736094013786454,0.1770131967484082,0.2084097228931389,0.2543752370168709,0.29944749579957286,0.21526617908415135,3.0031600104964395,3,4,35,60,24,31
r3_s4_rhw35_shw80,978,0.08137764426317402,0.070927343617847,0.16802654088715657,0.19900018157246624,0.24648714675085684,0.29944749579957286,0.16901100412250256,2.428043047179511,3,4,35,80,24,41
r3_s4_rhw35_shw100,1218,0.07700190990165034,0.06570725923571615,0.15689127523754418,0.18949188948545695,0.241799752067174,0.29944749579957286,0.13363230981908575,2.13283777012746,3,4,35,100,24,51
r3_s4_rhw50_shw40,707,0.0904079610766876,0.07981208868134033,0.18858498839649654,0.2223341433174313,0.2833465382626103,0.3256212213375055,0.4773778342710126,3.5428694368124676,3,4,50,40,34,21
r3_s4_rhw50_shw60,1046,0.08796661363062379,0.0790622317950935,0.18155656407272888,0.21723373648403743,0.26799625703928237,0.3256212213375055,0.3020046992151313,3.2607212430817967,3,4,50,60,34,31
r3_s4_rhw50_shw80,1386,0.083213596648957,0.0731587521641498,0.17147131171695895,0.2076388371286247,0.26344326980053145,0.3256212213375055,0.2500676074939179,2.646417061241343,3,4,50,80,34,41
r3_s4_rhw50_shw100,1726,0.07840925801839692,0.06676537041718639,0.16064607704502787,0.1947037003002393,0.25540040774849193,0.3256212213375055,0.20724309993209714,2.301806951433015,3,4,50,100,34,51
r3_s4_rhw75_shw40,1043,0.08646103939738649,0.07606059549813277,0.1814249822262759,0.21323350773303062,0.26704590246450643,0.3256212213375055,0.380709631069557,2.8145602249898443,3,4,75,40,51,21
r3_s4_rhw75_shw60,1539,0.08376057593097816,0.07352741342463512,0.17167078794613422,0.2079548831165841,0.2618654056004645,0.3256212213375055,0.25546318961459963,2.7964543598982314,3,4,75,60,51,31
r3_s4_rhw75_shw80,2036,0.07865616325342198,0.0666616417722369,0.16341174130336464,0.19637071582482604,0.2504073966364346,0.3256212213375055,0.19546176713182498,2.4593296924014028,3,4,75,80,51,41
r3_s4_rhw75_shw100,2536,0.07361589986797452,0.059816017632731075,0.1539019954855253,0.1880267733109127,0.24488891398386609,0.3256212213375055,0.16060001669861032,2.0699727152374328,3,4,75,100,51,51
r3_s5_rhw25_shw40,285,0.08486814798723182,0.07142558234760413,0.17113428277271656,0.21940511797477477,0.25608973580283406,0.30589911023378746,0.014852650152159114,3.461395750624532,3,5,25,40,17,17
r3_s5_rhw25_shw60,421,0.08637835840500842,0.07416243672369802,0.17993686758035685,0.21285531457516765,0.2770641614913194,0.3364615821128611,-0.030141032418582715,2.910485805269801,3,5,25,60,17,25
r3_s5_rhw25_shw80,557,0.08527812749416903,0.07304177319640212,0.17358949367323703,0.20664071294513892,0.25056717479113966,0.3364615821128611,-0.04019767446004037,2.576012939677535,3,5,25,80,17,33
r3_s5_rhw25_shw100,693,0.08207408058754818,0.07053215280659539,0.16570002969335182,0.19599699823623223,0.2475119701726819,0.3364615821128611,-0.03250295101361119,2.2216681127288305,3,5,25,100,17,41
r3_s5_rhw35_shw40,402,0.08064359739443525,0.06891089828493488,0.1646268679253533,0.19844007907529473,0.2503171698153478,0.30589911023378746,0.02344147415476757,4.448205323053161,3,5,35,40,24,17
r3_s5_rhw35_shw60,594,0.08173429102464488,0.0699523480637964,0.16588040542293986,0.19894846615871895,0.2503828655087439,0.3364615821128611,-0.04118281922808631,3.0589765159719415,3,5,35,60,24,25
r3_s5_rhw35_shw80,786,0.08032916624646565,0.06937980575622699,0.16239308972207206,0.19518750036158755,0.24581541429788756,0.3364615821128611,-0.05329260142374391,2.650467936270495,3,5,35,80,24,33
r3_s5_rhw35_shw100,978,0.07617452078724907,0.062623225362087,0.1559713847744659,0.18605358243583386,0.23867767121013653,0.3364615821128611,-0.04499980534110041,2.226649105297002,3,5,35,100,24,41
r3_s5_rhw50_shw40,571,0.08431602634504085,0.07186269643696258,0.168978545933271,0.21227411640924176,0.28367077780675864,0.3065667914617482,0.3567085254228555,3.5479789479139336,3,5,50,40,34,17
r3_s5_rhw50_shw60,841,0.08376838496581161,0.0706589371571413,0.168978545933271,0.21169291824331588,0.27872828034862235,0.3364615821128611,0.18831040568740798,3.3595809700590626,3,5,50,60,34,25
r3_s5_rhw50_shw80,1113,0.0811227053984185,0.0700086731836181,0.1649981269993717,0.19711284212927566,0.2655855468794952,0.3364615821128611,0.1323454196859596,2.8569991526326266,3,5,50,80,34,33
r3_s5_rhw50_shw100,1385,0.0767418460446236,0.0640556827300881,0.1573426276438952,0.18863114088360633,0.25042769749635374,0.3364615821128611,0.1127863988089875,2.362339135134573,3,5,50,100,34,41
r3_s5_rhw75_shw40,843,0.0814781927175637,0.06903626639257182,0.16624104841671367,0.20349362431396648,0.2670459024645066,0.3065667914617482,0.2750296236811634,2.9104494140851562,3,5,75,40,51,17
r3_s5_rhw75_shw60,1239,0.08113848789703082,0.06961480110466087,0.16600270945305412,0.1997907128756887,0.26547396413608343,0.3364615821128611,0.15675681574576278,2.9101582846079976,3,5,75,60,51,25
r3_s5_rhw75_shw80,1637,0.07842068615258535,0.067675007279909,0.1608220785628868,0.19251163919888342,0.25066680143027253,0.3364615821128611,0.09959966592826335,2.777090272649208,3,5,75,80,51,33
r3_s5_rhw75_shw100,2037,0.0734397701958802,0.060054457883634144,0.15203414816236177,0.18138056651002074,0.24479385310133175,0.3364615821128611,0.08387939879616588,2.228284796340736,3,5,75,100,51,41
r3_s10_rhw25_shw40,151,0.09670267469049613,0.07912256715494545,0.19851403978525659,0.23599969599134418,0.26723239944984134,0.29944749579957286,0.2894700902051185,3.17378781119929,3,10,25,40,17,9
r3_s10_rhw25_shw60,219,0.09030226654109468,0.07705861074327677,0.1837183226235329,0.22123086488202523,0.2507564654054922,0.29944749579957286,0.19564257372899557,2.9101582846079976,3,10,25,60,17,13
r3_s10_rhw25_shw80,287,0.08653123112293434,0.07451549786219747,0.17358949367323703,0.20773925470589794,0.2504177348324404,0.29944749579957286,0.13367508961267616,2.593438721518211,3,10,25,80,17,17
r3_s10_rhw25_shw100,355,0.08316464136365674,0.07142558234760413,0.16545823311813343,0.19605535788103126,0.24776223074445985,0.29944749579957286,0.10787346542344795,2.311584039947003,3,10,25,100,17,21
r3_s10_rhw35_shw40,214,0.09285252333745952,0.07838053038568792,0.1922234659535116,0.22549048307688088,0.2507813720652754,0.29944749579957286,0.38209621398998206,3.730295376410864,3,10,35,40,24,9
r3_s10_rhw35_shw60,310,0.08553948420382124,0.07530635335827343,0.17161440339812706,0.209451348752997,0.24991703527828293,0.29944749579957286,0.25288216031240257,3.0871463825623766,3,10,35,60,24,13
r3_s10_rhw35_shw80,406,0.08106413421582179,0.06932807891752726,0.16442628537795875,0.19521009919076665,0.2454157816643357,0.29944749579957286,0.17363169559164313,2.7606768371558177,3,10,35,80,24,17
r3_s10_rhw35_shw100,502,0.07687724467699936,0.06286285930623935,0.1534283076247416,0.18661051312261795,0.24263230696238453,0.29944749579957286,0.138395050367276,2.365941317311317,3,10,35,100,24,21
r3_s10_rhw50_shw40,303,0.09648308686501592,0.084558505611192,0.19537109481252846,0.23544595859898426,0.28378888992574436,0.3065667914617482,0.8610529742027758,4.053687977397753,3,10,50,40,34,9
r3_s10_rhw50_shw60,438,0.08816793720586048,0.07654575882156019,0.17703391398485768,0.21633412808405966,0.27767231354072763,0.3065667914617482,0.6049263377820022,3.343506818630714,3,10,50,60,34,13
r3_s10_rhw50_shw80,574,0.08241011219470193,0.07021423717218281,0.1656503270135154,0.19755255055575294,0.26667572210484325,0.3065667914617482,0.45347292066424627,2.868913570906369,3,10,50,80,34,17
r3_s10_rhw50_shw100,710,0.07789118376016871,0.06343781851876791,0.15771056245347145,0.18835370455062078,0.25913548041489937,0.3065667914617482,0.3726902370677124,2.549583874228745,3,10,50,100,34,21
r3_s10_rhw75_shw40,447,0.09228004587927245,0.08126341758877773,0.19071203069914758,0.22740018451718758,0.28209565914630425,0.3065667914617482,0.6255951628249062,2.9572595704323743,3,10,75,40,51,9
r3_s10_rhw75_shw60,645,0.08457322351549677,0.07155386660301355,0.16957845690237439,0.20461140102051856,0.2670220198606572,0.3065667914617482,0.4527211047755225,2.9104130229005114,3,10,75,60,51,13
r3_s10_rhw75_shw80,844,0.07907219388845843,0.06541559543476755,0.1646159594112134,0.19427270396709218,0.2560383602482794,0.3065667914617482,0.34988052964750527,2.7938777064012985,3,10,75,80,51,17
r3_s10_rhw75_shw100,1044,0.07411678954430624,0.05950630497740875,0.15466234928941705,0.18451659283201935,0.24999687626328188,0.3065667914617482,0.2862388763255738,2.3635398625268196,3,10,75,100,51,21
r4_s1_rhw25_shw40,1034,0.07973562641993064,0.06872589240826919,0.16527088487552893,0.19106031747873997,0.24499976709182497,0.2946820569584216,0.08833783804005706,3.7611994618863256,4,1,25,40,13,81
r4_s1_rhw25_shw60,1554,0.08119190404332162,0.06995104206587807,0.16586121685331492,0.19481787810642795,0.24749264717936198,0.3061394825567033,0.11412105534243559,3.0921606318916783,4,1,25,60,13,121
r4_s1_rhw25_shw80,2074,0.07901046529856236,0.06760038391310977,0.16079645544508603,0.18841059997552512,0.24370280655117124,0.3061394825567033,0.1012297940181533,2.416649994301498,4,1,25,80,13,161
r4_s1_rhw25_shw100,2594,0.075856905897877,0.06357535248506345,0.14997685759349588,0.1768030271919928,0.24079456677949848,0.3061394825567033,0.0945892528239056,2.100350487490122,4,1,25,100,13,201
r4_s1_rhw35_shw40,1354,0.07862735002113146,0.06845155688430037,0.16334269052014133,0.1891807583814584,0.24313512848132401,0.2946820569584216,0.12482026507215924,3.871252868611395,4,1,35,40,18,81
r4_s1_rhw35_shw60,2034,0.07884387395229502,0.06833582974822422,0.16214474937759488,0.18942939727099123,0.2437907235525711,0.3061394825567033,0.13067244884406579,3.0870895293992398,4,1,35,60,18,121
r4_s1_rhw35_shw80,2714,0.07624449351183464,0.06596026699282748,0.15402866673041862,0.1815093672274155,0.24043778859437306,0.3061394825567033,0.11168332523917875,2.3730385601499537,4,1,35,80,18,161
r4_s1_rhw35_shw100,3394,0.07237520063917187,0.0613931053136561,0.145869106650735,0.17292501992560924,0.2358180790227523,0.3061394825567033,0.10201897769581068,2.0544093253413362,4,1,35,100,18,201
r4_s1_rhw50_shw40,1996,0.08722257937875469,0.0766164693348139,0.17631432596449184,0.2074541177271075,0.26359188112719195,0.326091156900174,0.10291571195691329,3.5012110409019774,4,1,50,40,26,81
r4_s1_rhw50_shw60,2990,0.08671157287478767,0.07641916225633281,0.17454862424575898,0.2082476589826614,0.2656942568852831,0.326091156900174,0.1247278371894832,3.330441958906786,4,1,50,60,26,121
r4_s1_rhw50_shw80,3990,0.0833169663416558,0.07275568580789299,0.16858384670582535,0.1994382460002674,0.2511426196998404,0.326091156900174,0.12124987628800125,2.7213275468299796,4,1,50,80,26,161
r4_s1_rhw50_shw100,4990,0.0792207712507039,0.06672157773179692,0.1617331026535663,0.18965624848112825,0.24462926372608843,0.326091156900174,0.1177265640470443,2.3057149202061584,4,1,50,100,26,201
r4_s1_rhw75_shw40,2968,0.08194424665171259,0.06987400026915551,0.1679109070946216,0.19838053746413667,0.2498009023534593,0.326091156900174,0.08469736671296568,2.831171327695478,4,1,75,40,38,81
r4_s1_rhw75_shw60,4436,0.0811887660852146,0.06935967299248093,0.16591777107053557,0.1976623542665737,0.24957119809484196,0.326091156900174,0.08658369253214052,2.796391369127797,4,1,75,60,38,121
r4_s1_rhw75_shw80,5907,0.07769112270322458,0.06589650504372144,0.16056874172608385,0.18953778686589082,0.24363081255995434,0.326091156900174,0.08552005672991904,2.4219709157950997,4,1,75,80,38,161
r4_s1_rhw75_shw100,7387,0.07321700817045168,0.05971799151517285,0.15134058264068692,0.18063275934048859,0.23799088240859417,0.326091156900174,0.08244768039384402,2.054198304982724,4,1,75,100,38,201
r4_s2_rhw25_shw40,519,0.08153259436884101,0.07037404560881165,0.17321407753622708,0.19626240615396212,0.2606286406427428,0.2946820569584216,0.2246129407272534,3.367158193348111,4,2,25,40,13,41
r4_s2_rhw25_shw60,779,0.08094604293098219,0.06798267126414612,0.1720378564685446,0.19930587829727228,0.24975879281899044,0.2946820569584216,0.20615521780510357,2.8383030606705355,4,2,25,60,13,61
r4_s2_rhw25_shw80,1039,0.07874512794142226,0.06670068667492465,0.16462513334803489,0.1883483519208958,0.24516234434302084,0.2946820569584216,0.17908672134387213,2.318259289462595,4,2,25,80,13,81
r4_s2_rhw25_shw100,1299,0.07564777663146698,0.06227795118294785,0.1509815607866519,0.17959646942461974,0.24364785842529635,0.2946820569584216,0.15665366266873118,1.973451826930458,4,2,25,100,13,101
r4_s2_rhw35_shw40,679,0.07975626179612758,0.06820924203734813,0.1710594020608098,0.19433867216513867,0.25238929942566,0.2946820569584216,0.23005112294697522,3.283098724697638,4,2,35,40,18,41
r4_s2_rhw35_shw60,1019,0.07836058386305597,0.0670324987250108,0.1647565133277889,0.19159903234908196,0.2456176606154512,0.2946820569584216,0.2021815884221951,2.6785109140388146,4,2,35,60,18,61
r4_s2_rhw35_shw80,1359,0.07582746032526169,0.06471014206706552,0.15627269639246766,0.18144054654878494,0.2437357754266962,0.2946820569584216,0.17444479886577466,2.2837403094975373,4,2,35,80,18,81
r4_s2_rhw35_shw100,1699,0.07204500953436252,0.059645673049960046,0.1457562347383895,0.17472294529087515,0.24117828592177235,0.2946820569584216,0.15202937558454804,1.9099472162775892,4,2,35,100,18,101
r4_s2_rhw50_shw40,1003,0.0885816571396584,0.07618531358103559,0.18177847302584782,0.21463334184223212,0.28329724487149854,0.326091156900174,0.18727823563742751,3.272646976982488,4,2,50,40,26,41
r4_s2_rhw50_shw60,1499,0.08638842646157709,0.0740236810891472,0.17864250212319413,0.2139089321406965,0.26754695232015785,0.326091156900174,0.17996379572956572,3.026921789073104,4,2,50,60,26,61
r4_s2_rhw50_shw80,1999,0.08315490748777925,0.07094590996065131,0.1714157819324394,0.2024947286899025,0.24960771503282195,0.326091156900174,0.17256533779162017,2.4975704672548877,4,2,50,80,26,81
r4_s2_rhw50_shw100,2499,0.07909487456209933,0.06523159445482804,0.1642777606319566,0.19089132267303374,0.24556095920080712,0.326091156900174,0.1584702608167008,2.144650628776606,4,2,50,100,26,101
r4_s2_rhw75_shw40,1495,0.08329596105545553,0.07094590996065131,0.1739727873292373,0.20388439182040632,0.2609120481577155,0.326091156900174,0.15671928948630653,2.5984639420501945,4,2,75,40,38,41
r4_s2_rhw75_shw60,2225,0.08113222082584433,0.06828815704475188,0.16854869343062434,0.1994678368238848,0.24906214747821648,0.326091156900174,0.15429597881749488,2.52533110581948,4,2,75,60,38,61
r4_s2_rhw75_shw80,2959,0.077603762996274,0.06520586420136198,0.16296886608850253,0.18921591113665245,0.24413668787826098,0.326091156900174,0.15091168786721193,2.2837403094975373,4,2,75,80,38,81
r4_s2_rhw75_shw100,3699,0.07314968219015147,0.059344586367297836,0.1540863747720611,0.18080110302502275,0.24077344495780034,0.326091156900174,0.13445762846935957,1.881236157870104,4,2,75,100,38,101
r4_s4_rhw25_shw40,260,0.08872975677581448,0.07816281900366795,0.17993639046481133,0.21317461937549914,0.284833343147638,0.2946820569584216,0.3141808663815395,3.0871630201554887,4,4,25,40,13,21
r4_s4_rhw25_shw60,390,0.08665157988364353,0.07444347699135526,0.1799311984392968,0.2170244187795612,0.2533354741033298,0.2946820569584216,0.25121841997578964,2.34056249256818,4,4,25,60,13,31
r4_s4_rhw25_shw80,520,0.0832183443193651,0.07150345528113711,0.17313751021754992,0.20517804287559133,0.24561695184776816,0.2946820569584216,0.21933056120868802,2.0943230750061574,4,4,25,80,13,41
r4_s4_rhw25_shw100,650,0.07922850301699172,0.06555461648102054,0.1645831980717412,0.18950570441332387,0.2447283612379506,0.2946820569584216,0.18882413407456755,1.8000704787304667,4,4,25,100,13,51
r4_s4_rhw35_shw40,340,0.08711554817167218,0.0757229795000946,0.1801565461068593,0.20834177179154847,0.2689886660644577,0.2946820569584216,0.2863918266148978,3.0196065918651853,4,4,35,40,18,21
r4_s4_rhw35_shw60,510,0.08443549131366238,0.07281892860873385,0.17695431562689376,0.20839384893696042,0.24606305219410204,0.2946820569584216,0.22095006073032744,2.3290584361187925,4,4,35,60,18,31
r4_s4_rhw35_shw80,680,0.0804778321666916,0.0694032076432394,0.1687518802255319,0.19957060399207038,0.2455744257867851,0.2946820569584216,0.19516904040205507,1.9313887959449838,4,4,35,80,18,41
r4_s4_rhw35_shw100,850,0.07576704378187639,0.06418860652026431,0.15467148483697438,0.18867629266052455,0.24375555675201113,0.2946820569584216,0.16858032325012823,1.7536999359990328,4,4,35,100,18,51
r4_s4_rhw50_shw40,504,0.09653069434637976,0.08419482923748695,0.19986000320237732,0.22900607619169616,0.2881023755204617,0.326091156900174,0.2464274112049476,3.0255435889125906,4,4,50,40,26,21
r4_s4_rhw50_shw60,750,0.09253511688835481,0.07956724283362127,0.19089132267303377,0.2273836540683849,0.28519545092456433,0.326091156900174,0.21125972840797036,2.8425161863380692,4,4,50,60,26,31
r4_s4_rhw50_shw80,1000,0.0880103411674739,0.0748997785482387,0.18080110302502278,0.2147389700621712,0.28100162838536924,0.326091156900174,0.20325907594587359,2.3064509562549915,4,4,50,80,26,41
r4_s4_rhw50_shw100,1250,0.0829816486735134,0.06950511725127129,0.1729406219413119,0.20679515874022572,0.2587495704986841,0.326091156900174,0.1828660468465899,1.9218272630956377,4,4,50,100,26,51
r4_s4_rhw75_shw40,756,0.09115674779658199,0.07782228003494918,0.18760755154753964,0.21931416658094996,0.28503038185245066,0.326091156900174,0.2254998317592155,2.436504715578657,4,4,75,40,38,21
r4_s4_rhw75_shw60,1116,0.0873046689526086,0.07404315723482041,0.1807250743299368,0.21439103302352963,0.27851613179122686,0.326091156900174,0.20120701526528595,2.3225638030717186,4,4,75,60,38,31
r4_s4_rhw75_shw80,1480,0.0823848135157136,0.06894859661352085,0.17313751021754994,0.20516688823029466,0.24954428372307122,0.326091156900174,0.1782068944921165,1.9843510361502126,4,4,75,80,38,41
r4_s4_rhw75_shw100,1850,0.07697678629584608,0.06362782901987632,0.1646208092829055,0.19089951647458195,0.2460960034459596,0.326091156900174,0.15615782881187934,1.747185584246125,4,4,75,100,38,51
r4_s5_rhw25_shw40,217,0.0844846331873677,0.07312548325386428,0.17107857891119038,0.20576846422590545,0.24561907815081732,0.28361866951897086,0.150907776780812,3.9406542576117674,4,5,25,40,13,17
r4_s5_rhw25_shw60,321,0.08438433550099039,0.07294611256132956,0.17104022521042922,0.2039188966467681,0.24561624308008512,0.3061394825567033,0.09835735849223667,3.0266567758589793,4,5,25,60,13,25
r4_s5_rhw25_shw80,425,0.08196172495324888,0.0706104913500323,0.1651959314858967,0.19715377706141193,0.24515243288462937,0.3061394825567033,0.07650850447498823,2.4818449960425806,4,5,25,80,13,33
r4_s5_rhw25_shw100,529,0.0782836420639196,0.06674246878866918,0.15522709659591336,0.1856190285834986,0.24353315931681652,0.3061394825567033,0.07443106365760055,2.0218085873661744,4,5,25,100,13,41
r4_s5_rhw35_shw40,285,0.08374129022116024,0.07451549786219747,0.17109775576157094,0.2061531014967727,0.24570648590809444,0.28361866951897086,0.1652781325542927,4.3951971086957204,4,5,35,40,18,17
r4_s5_rhw35_shw60,421,0.08282549709391955,0.07225727654033842,0.16594518252897525,0.20363426310083393,0.24561624308008512,0.3061394825567033,0.09768441652610793,3.0266567758589793,4,5,35,60,18,25
r4_s5_rhw35_shw80,557,0.08042142130010752,0.07092679188816509,0.16144009261610318,0.19224646705910783,0.24460962117688045,0.3061394825567033,0.07382526516514358,2.461315164190213,4,5,35,80,18,33
r4_s5_rhw35_shw100,693,0.07580800724640914,0.0660723660070063,0.14996696439349286,0.1809610819888077,0.24277865471816643,0.3061394825567033,0.07140127571222223,2.005421611742868,4,5,35,100,18,41
r4_s5_rhw50_shw40,419,0.09302947023706759,0.07864021326410217,0.19312408860111122,0.21958958324030708,0.2837610988389242,0.326091156900174,0.1900215937296586,3.9491816120846,4,5,50,40,26,17
r4_s5_rhw50_shw60,619,0.09017430382293584,0.07770231059851807,0.18205312839283053,0.21421762841342015,0.2837610988389242,0.326091156900174,0.08899390005992834,3.7987630833968122,4,5,50,60,26,25
r4_s5_rhw50_shw80,819,0.0866431579393815,0.07564860595610581,0.1711798983974222,0.20701079007851378,0.2668156915488081,0.326091156900174,0.07902325334399421,3.032642057266835,4,5,50,80,26,33
r4_s5_rhw50_shw100,1019,0.08197343401662299,0.06988967658258169,0.16485252421626076,0.19983370459604222,0.24989944412288545,0.326091156900174,0.08339205866234808,2.4493201415907793,4,5,50,100,26,41
r4_s5_rhw75_shw40,623,0.08745850749266613,0.07225727654033842,0.1815265109815841,0.2137980259738806,0.2775005025474675,0.326091156900174,0.16433859882147067,3.0808026541166087,4,5,75,40,38,17
r4_s5_rhw75_shw60,917,0.08529910711861839,0.07084783213692422,0.17390835981896044,0.20898516115343038,0.2668969966150898,0.326091156900174,0.0857853184333812,3.0350811237348694,4,5,75,60,38,25
r4_s5_rhw75_shw80,1213,0.08167407597459754,0.06874645309777605,0.16583246152854744,0.203068627717906,0.24933039047425656,0.326091156900174,0.07353987197495894,2.7163189669931405,4,5,75,80,38,33
r4_s5_rhw75_shw100,1509,0.07650436504865699,0.063670702345614,0.1568442991695701,0.1904620569029707,0.24562474829228173,0.326091156900174,0.0723295445601583,2.139742415635759,4,5,75,100,38,41
r4_s10_rhw25_shw40,113,0.09950467066838113,0.08715661315378959,0.197153777061412,0.23896654889352936,0.24978188685489122,0.28361866951897086,0.3017797441825975,3.246645532268908,4,10,25,40,13,9
r4_s10_rhw25_shw60,165,0.09137145719971462,0.0771651025898096,0.17957127133263437,0.2140539838769828,0.2473287464242145,0.28361866951897086,0.23463475591367025,3.005202762163297,4,10,25,60,13,13
r4_s10_rhw25_shw80,217,0.08536504307955647,0.07225727654033842,0.17130115605511337,0.19876607401566979,0.24561907815081732,0.28361866951897086,0.18151395094078357,2.646416282680105,4,10,25,80,13,17
r4_s10_rhw25_shw100,269,0.08109356293518574,0.06670068667492465,0.16483975662725042,0.19070682758201077,0.24558222223129866,0.28361866951897086,0.15876795716112016,2.2302082325817345,4,10,25,100,13,21
r4_s10_rhw35_shw40,149,0.09919697000973186,0.08715661315378959,0.20041150229580468,0.2335076408226041,0.2483117612874677,0.28361866951897086,0.2831500383879882,3.6621717859407763,4,10,35,40,18,9
r4_s10_rhw35_shw60,217,0.09044138705094659,0.07763849361643038,0.1842998769394134,0.21338854687608724,0.2460297726740747,0.28361866951897086,0.21906317880462195,3.013074754722735,4,10,35,60,18,13
r4_s10_rhw35_shw80,285,0.0837218420984091,0.07225727654033842,0.1711969066753534,0.20304204805902729,0.24570648590809444,0.28361866951897086,0.1679407906586114,2.6219490540954533,4,10,35,80,18,17
r4_s10_rhw35_shw100,353,0.07856013895513682,0.0649915579377415,0.16334813265666556,0.1931492032632007,0.24559356251422748,0.28361866951897086,0.14709928797210878,2.3502853741397214,4,10,35,100,18,21
r4_s10_rhw50_shw40,219,0.10695238348803918,0.09606208432004407,0.2139496948151319,0.24280223298687417,0.2877000543715568,0.326091156900174,0.2493339523139044,3.949181612084605,4,10,50,40,26,9
r4_s10_rhw50_shw60,319,0.09777865755706035,0.08418346695428583,0.19788922542792897,0.22490616584511264,0.2837610988389242,0.326091156900174,0.23506215404933767,3.7917346757667936,4,10,50,60,26,13
r4_s10_rhw50_shw80,419,0.09021676132010942,0.07663767108025218,0.18072758476799614,0.2143155235030166,0.2807258476917173,0.326091156900174,0.1911306954336761,3.0113770020807045,4,10,50,80,26,17
r4_s10_rhw50_shw100,519,0.08494671508805211,0.07094590996065131,0.171358647904276,0.2087928592485836,0.26445153777248875,0.326091156900174,0.17317530405812329,2.5940085539306676,4,10,50,100,26,21
r4_s10_rhw75_shw40,327,0.09936948871937333,0.08420619152068806,0.204172041775072,0.23461690144153072,0.2837472032955141,0.326091156900174,0.2154163707547837,3.069388782474654,4,10,75,40,38,9
r4_s10_rhw75_shw60,473,0.09098050595516266,0.07569499468611934,0.1818082886472689,0.21443470538022244,0.281234827196536,0.326091156900174,0.1983801710388256,3.027770158206512,4,10,75,60,38,13
r4_s10_rhw75_shw80,621,0.08387938126419164,0.06859529036089707,0.17328007631577796,0.20671165270927383,0.26410754895328126,0.326091156900174,0.19129957607438478,2.8917769768919572,4,10,75,80,38,17
r4_s10_rhw75_shw100,769,0.07838428580875584,0.06364061459984065,0.16473733956552036,0.19675281002062253,0.24979273677388336,0.326091156900174,0.16704207258310685,2.4784968971596806,4,10,75,100,38,21
r5_s1_rhw25_shw40,876,0.0773562019480122,0.06566942295695763,0.16003681876821918,0.1907913846590798,0.2529011748953255,0.3057039133691087,0.38440682377511637,4.43651498482676,5,1,25,40,11,81
r5_s1_rhw25_shw60,1316,0.07956626664358397,0.0677041822247336,0.16507250171306914,0.1973809540392955,0.250153122021254,0.3057039133691087,0.3003326490273866,3.1073663409215033,5,1,25,60,11,121
r5_s1_rhw25_shw80,1756,0.07742829196129883,0.06419512851238819,0.16018248217876963,0.1904888675199946,0.2449846508040436,0.3057039133691087,0.23494004547967168,2.4270262575137043,5,1,25,80,11,161
r5_s1_rhw25_shw100,2196,0.07392876932796058,0.05938130080720451,0.14863151614337605,0.18044195796178797,0.2400563699860623,0.3057039133691087,0.19802164205863218,2.0837205212432277,5,1,25,100,11,201
r5_s1_rhw35_shw40,1193,0.07323602119740091,0.060207431261317945,0.15028344660060886,0.18075655893872916,0.24575984937463258,0.3057039133691087,0.231504067504652,4.003002660517348,5,1,35,40,15,81
r5_s1_rhw35_shw60,1793,0.07493727219251749,0.06212726856186582,0.1553847518474288,0.18559204684649136,0.24556521180690544,0.3057039133691087,0.1879770307006672,3.041508301584987,5,1,35,60,15,121
r5_s1_rhw35_shw80,2393,0.0726337306759465,0.05936007045924743,0.1506825015340222,0.1801481896340912,0.23810955462597733,0.3057039133691087,0.1469831242857136,2.427857134993254,5,1,35,80,15,161
r5_s1_rhw35_shw100,2993,0.06871865378121822,0.05231719276497897,0.1441074481087365,0.17143483095314674,0.23042302438979,0.3057039133691087,0.12545721540463084,1.9781557315106113,5,1,35,100,15,201
r5_s1_rhw50_shw40,1676,0.08337369665383054,0.06945283885599271,0.17390889541464646,0.20899179209944546,0.2662674270251333,0.33681433362790436,0.13116691466940697,3.4755977807599177,5,1,50,40,21,81
r5_s1_rhw50_shw60,2512,0.08455004850504276,0.07086776172132106,0.17476059895379614,0.20877335123445273,0.2699757529366279,0.33681433362790436,0.14545385917417478,3.495334729821187,5,1,50,60,21,121
r5_s1_rhw50_shw80,3352,0.08136074009876697,0.06798221065683341,0.16827821915308339,0.2028546977642275,0.2631527319133814,0.33681433362790436,0.12274773879516987,2.8318871340715828,5,1,50,80,21,161
r5_s1_rhw50_shw100,4192,0.07719297346505213,0.0625441249538939,0.16057519611483403,0.19394060279880493,0.2507971502499339,0.33681433362790436,0.11021264823138384,2.4341517427959674,5,1,50,100,21,201
r5_s1_rhw75_shw40,2486,0.07991389824851033,0.06785146968689079,0.16413965143154738,0.19611195936983153,0.2503308562337829,0.33681433362790436,0.039771343428355095,2.7048553706374356,5,1,75,40,31,81
r5_s1_rhw75_shw60,3718,0.0804151380017329,0.06808484736202608,0.1648956080211258,0.19772943846004926,0.25507378349405047,0.33681433362790436,0.05879634643693662,2.8046450045894513,5,1,75,60,31,121
r5_s1_rhw75_shw80,4951,0.0773631531350738,0.06441485720208584,0.16005173703252235,0.19206421996987177,0.24585809183959134,0.33681433362790436,0.06959247252503883,2.5401561200245064,5,1,75,80,31,161
r5_s1_rhw75_shw100,6191,0.07287156167775889,0.059582635440893345,0.15323611706496987,0.18154001996578162,0.2423899212293056,0.33681433362790436,0.05950614181758053,2.146422478546085,5,1,75,100,31,201
r5_s2_rhw25_shw40,445,0.08113665765067082,0.06923637623645201,0.16907835321253772,0.1982722564730473,0.26556217686154127,0.29944749579957286,0.6038370820693325,4.551120059828249,5,2,25,40,11,41
r5_s2_rhw25_shw60,665,0.0812124646554981,0.06915615814197078,0.16996990264705128,0.1982722564730473,0.25406679583682856,0.29944749579957286,0.4498926642031428,3.170268498180951,5,2,25,60,11,61
r5_s2_rhw25_shw80,885,0.07821706351355787,0.06563581509266142,0.16414683258398102,0.1909007193591581,0.24626436864501944,0.29944749579957286,0.3565881763365743,2.667284202701408,5,2,25,80,11,81
r5_s2_rhw25_shw100,1105,0.0745732236965925,0.059645673049960046,0.15204282227118116,0.1814240417060596,0.24449230614944711,0.29944749579957286,0.2954414933069703,2.1132051556696765,5,2,25,100,11,101
r5_s2_rhw35_shw40,606,0.0767505903828573,0.06702545928020168,0.160872126260256,0.19362135056284713,0.26031876270489,0.29944749579957286,0.44444387247569045,3.6797547794147594,5,2,35,40,15,41
r5_s2_rhw35_shw60,906,0.07653715149567182,0.06507255214537044,0.16033998079645773,0.19028414687629083,0.2456268745953309,0.29944749579957286,0.3307961549851895,3.12294263417328,5,2,35,60,15,61
r5_s2_rhw35_shw80,1206,0.07338573111704999,0.05959923031722582,0.15506187103382987,0.18142144569330235,0.2439487335512785,0.29944749579957286,0.26378711461322724,2.585000675631135,5,2,35,80,15,81
r5_s2_rhw35_shw100,1506,0.06933394626048475,0.05310552284263498,0.1446795681916812,0.17407482584848483,0.2398197625188515,0.29944749579957286,0.21892727080288343,2.103611501994966,5,2,35,100,15,101
r5_s2_rhw50_shw40,850,0.08677187063762944,0.07309853043828418,0.18144736229069297,0.21449297585510432,0.28370725360821014,0.3256212213375055,0.30626091703780367,3.494123699258063,5,2,50,40,21,41
r5_s2_rhw50_shw60,1268,0.08582629825357804,0.07172354148910105,0.1766781906514964,0.21215361578070294,0.26781639761959086,0.3256212213375055,0.2550020019427682,3.4704158394859057,5,2,50,60,21,61
r5_s2_rhw50_shw80,1688,0.08187861760855321,0.06841574804696969,0.16959368705692185,0.20390164423358723,0.26205310556665784,0.3256212213375055,0.21559320359916057,2.9929819176770804,5,2,50,80,21,81
r5_s2_rhw50_shw100,2108,0.07761938191379997,0.06366534823606419,0.16206162954867756,0.1960033558456053,0.24934712831359074,0.3256212213375055,0.1843554125590461,2.5022354133217983,5,2,50,100,21,101
r5_s2_rhw75_shw40,1260,0.08299157881683986,0.07085762062112796,0.16704524673700527,0.1990766792724034,0.2623694753238658,0.3256212213375055,0.17225211383316164,2.890656305780193,5,2,75,40,31,41
r5_s2_rhw75_shw60,1876,0.08167697671522918,0.07008871990652962,0.16510407915316244,0.19772634547585155,0.2516354838360427,0.3256212213375055,0.15835362491501762,2.8569248834680727,5,2,75,60,31,61
r5_s2_rhw75_shw80,2493,0.07769813366720141,0.06563610966749123,0.15972412287134669,0.19213067524007063,0.24556521180690544,0.3256212213375055,0.12984133564544387,2.629001402903909,5,2,75,80,31,81
r5_s2_rhw75_shw100,3113,0.07315080602179844,0.06061551271672322,0.15407293139507347,0.18074400837636626,0.24264517384162412,0.3256212213375055,0.10755135990005903,2.144366772870976,5,2,75,100,31,101
r5_s4_rhw25_shw40,227,0.08938795786867523,0.0768215434796965,0.1807565589387293,0.21185931735268088,0.286971424475712,0.29944749579957286,1.2151388423083078,3.3729375448405654,5,4,25,40,11,21
r5_s4_rhw25_shw60,337,0.0880911852520021,0.07573197908961743,0.1807357908366711,0.21360799101660524,0.27620894866741463,0.29944749579957286,0.8491447164226845,2.876142809098546,5,4,25,60,11,31
r5_s4_rhw25_shw80,447,0.08389259650654873,0.06995178343292309,0.1720763939544162,0.2045531459524217,0.25715543700318905,0.29944749579957286,0.6649933023340315,2.3989374622196187,5,4,25,80,11,41
r5_s4_rhw25_shw100,557,0.07916128123651488,0.06689481207516727,0.16326168228465865,0.19633636916447916,0.24988275607479513,0.29944749579957286,0.543488202249743,2.0730363684998974,5,4,25,100,11,51
r5_s4_rhw35_shw40,311,0.08529754988282447,0.07573197908961743,0.17425134499643447,0.2026540699549117,0.2815604137268715,0.29944749579957286,0.9573093838149835,3.5748411898260786,5,4,35,40,15,21
r5_s4_rhw35_shw60,461,0.08339451797689956,0.07003305098776669,0.16849761967165436,0.20253952614274207,0.2553656664743384,0.29944749579957286,0.658575159470067,3.0806869334913265,5,4,35,60,15,31
r5_s4_rhw35_shw80,611,0.07913388334868864,0.06689481207516727,0.16417555719371557,0.1959968918855285,0.24919638837215913,0.29944749579957286,0.5188902221410622,2.483030090533415,5,4,35,80,15,41
r5_s4_rhw35_shw100,761,0.07399693286870074,0.057952959558311284,0.15504389994539305,0.18286003583554283,0.24558789237276307,0.29944749579957286,0.4243001885643463,2.092223135310534,5,4,35,100,15,51
r5_s4_rhw50_shw40,435,0.09423794424235063,0.08112919924547699,0.19697223065520206,0.2221128165372289,0.2876655572311393,0.3256212213375055,0.6820199749479213,3.401126909014189,5,4,50,40,21,21
r5_s4_rhw50_shw60,645,0.09184737935775197,0.07936004956580166,0.18993098158730345,0.21880970462507943,0.2837159383228414,0.3256212213375055,0.48696214094622126,3.44329305639319,5,4,50,60,21,31
r5_s4_rhw50_shw80,855,0.08701977882972922,0.07344362548590555,0.1776502097912726,0.21358561314290048,0.2741648646588824,0.3256212213375055,0.3991854532781533,2.9564444932371114,5,4,50,80,21,41
r5_s4_rhw50_shw100,1065,0.08179442875680439,0.06881484155655399,0.1675142902219998,0.20504959457226454,0.2635607651767811,0.3256212213375055,0.3321631086197924,2.4938609897354933,5,4,50,100,21,51
r5_s4_rhw75_shw40,645,0.08774055367337286,0.07643142765187894,0.17437919739059393,0.210991507772324,0.2837159383228414,0.3256212213375055,0.45163612558151456,2.7722134766905957,5,4,75,40,31,21
r5_s4_rhw75_shw60,953,0.08651968460904241,0.07516892737308156,0.17130743572843535,0.20772521548314268,0.26559324522269984,0.3256212213375055,0.3078944408607793,2.84274640626975,5,4,75,60,31,31
r5_s4_rhw75_shw80,1263,0.08172293451258576,0.06953776724905394,0.16566521322576022,0.20274570500464734,0.2498431903265328,0.3256212213375055,0.25185690481366346,2.5639942020083972,5,4,75,80,31,41
r5_s4_rhw75_shw100,1573,0.07637849210472426,0.06425366783090886,0.15845175088511804,0.1904055024456944,0.24575791554101944,0.3256212213375055,0.20505630216502815,2.1443667728709763,5,4,75,100,31,51
r5_s5_rhw25_shw40,176,0.07991048383664472,0.06129316160126408,0.1644167678298567,0.2042874867386863,0.2551274812050523,0.29944749579957286,0.17686997158004472,2.260947342959501,5,5,25,40,11,17
r5_s5_rhw25_shw60,264,0.08090550707481049,0.06425362724938569,0.1660039666544944,0.2032943508490252,0.25968607133527943,0.29944749579957286,0.1032622677357313,2.13217689269053,5,5,25,60,11,25
r5_s5_rhw25_shw80,352,0.07860741614832997,0.060719882365835656,0.1646097363387696,0.199455856044798,0.24559427128191053,0.29944749579957286,0.07425003894222991,1.8328823688820621,5,5,25,80,11,33
r5_s5_rhw25_shw100,440,0.07487523878597387,0.05525209869803932,0.15193617479979937,0.18685669301057817,0.24493759258937348,0.29944749579957286,0.06925122896729995,1.6476543794115817,5,5,25,100,11,41
r5_s5_rhw35_shw40,240,0.07685225796396858,0.05962669987493027,0.16063014891660818,0.19761929922290974,0.24560277649410714,0.29944749579957286,0.1512409893729062,2.57454946019893,5,5,35,40,15,17
r5_s5_rhw35_shw60,360,0.07718857753135099,0.061247299499520624,0.1616450237432859,0.19761929922290974,0.24558860114044612,0.29944749579957286,0.06648840576475205,2.1506079075902442,5,5,35,60,15,25
r5_s5_rhw35_shw80,480,0.07470209120725334,0.05643269974919037,0.16029260154749506,0.1909688761499233,0.24429969610109897,0.29944749579957286,0.042547196896478186,1.9907529134022166,5,5,35,80,15,33
r5_s5_rhw35_shw100,600,0.07037736293777563,0.049241262042058406,0.14504349315079168,0.17533317408019156,0.2249717900001592,0.29944749579957286,0.041727771842184395,1.812767196362744,5,5,35,100,15,41
r5_s5_rhw50_shw40,340,0.08667006928196183,0.07423253096316193,0.17219694996061918,0.20901371235894572,0.2855820619929714,0.29944749579957286,0.0989137706143484,2.578110238619777,5,5,50,40,21,17
r5_s5_rhw50_shw60,504,0.08577232235559414,0.07177119931605844,0.17910608697340663,0.20835534988837406,0.28637969087781884,0.29944749579957286,0.06749165638570531,2.385099470471903,5,5,50,60,21,25
r5_s5_rhw50_shw80,672,0.08193278085368168,0.06860060049940046,0.16864801548652633,0.20533425837189156,0.2836690408638324,0.29944749579957286,0.04977468608659733,2.1390585239015896,5,5,50,80,21,33
r5_s5_rhw50_shw100,840,0.07765354354059756,0.059928974884059655,0.16418088406019923,0.19789660575210172,0.25698214045663503,0.29944749579957286,0.051383245542009535,1.8444042916930012,5,5,50,100,21,41
r5_s5_rhw75_shw40,510,0.08109296335339436,0.06515487832966659,0.16595468676821637,0.2020200227160639,0.2801997269212994,0.29944749579957286,0.033994496663385367,2.160775912745267,5,5,75,40,31,17
r5_s5_rhw75_shw60,750,0.08093742279876424,0.06604713578402255,0.16617713282110863,0.20457561242833722,0.27402475243992896,0.29944749579957286,0.010255113962134431,2.1262712158131425,5,5,75,60,31,25
r5_s5_rhw75_shw80,992,0.07736444617660848,0.06242681393502439,0.1619543334276243,0.1984115822839169,0.24728721299649092,0.29944749579957286,-0.012716287100689307,1.8477141093504768,5,5,75,80,31,33
r5_s5_rhw75_shw100,1240,0.07278243756721553,0.05552539482252608,0.15487246507607835,0.18451788067663727,0.24421775670042487,0.29944749579957286,-0.008247809075716568,1.639886112081178,5,5,75,100,31,41
r5_s10_rhw25_shw40,94,0.09156500290528162,0.07769755377451566,0.189666497340847,0.22901802611892974,0.2847266873586129,0.29944749579957286,0.21375346621470315,2.279320841742797,5,10,25,40,11,9
r5_s10_rhw25_shw60,138,0.08406402999822428,0.0661016378869228,0.17106899048600008,0.20414005070191904,0.26956301661743753,0.29944749579957286,0.16600450497823763,2.1444391141017793,5,10,25,60,11,13
r5_s10_rhw25_shw80,182,0.07904502149985837,0.05807589459650049,0.16460973633876957,0.19727132532319192,0.25284818613993876,0.29944749579957286,0.12378982780504882,2.0952458358452395,5,10,25,80,11,17
r5_s10_rhw25_shw100,226,0.07532720598308147,0.053259830258122615,0.1520214927769048,0.18537028285130988,0.24561269924166987,0.29944749579957286,0.10897156969614903,1.7928696364943808,5,10,25,100,11,21
r5_s10_rhw35_shw40,128,0.09013551004033879,0.0790504854201084,0.17106899048600008,0.21551798591831983,0.27336184172596034,0.29944749579957286,0.16538471148605044,2.9645862934000435,5,10,35,40,15,9
r5_s10_rhw35_shw60,188,0.08161821059179014,0.06337228050392164,0.16582570707395008,0.19775378414672984,0.25056889107482516,0.29944749579957286,0.1267129663611193,2.3286741070945243,5,10,35,60,15,13
r5_s10_rhw35_shw80,248,0.07570051919873308,0.053471197710928606,0.1607511375884321,0.189393153651015,0.24559710635264273,0.29944749579957286,0.09026952506991266,2.133914697665691,5,10,35,80,15,17
r5_s10_rhw35_shw100,308,0.0712940405059909,0.04918330764005184,0.15197883378835209,0.17130551470444205,0.245447909779993,0.29944749579957286,0.07990459527258713,1.981402503705806,5,10,35,100,15,21
r5_s10_rhw50_shw40,180,0.09692078646070416,0.09141689009147143,0.19843597072083036,0.23939959306488492,0.2881941288157391,0.29944749579957286,0.11077761163067197,2.8357436638003275,5,10,50,40,21,9
r5_s10_rhw50_shw60,262,0.0884249257079355,0.0790504854201084,0.17139208635005496,0.2205027351255605,0.28493659707509855,0.29944749579957286,0.11588418911252985,2.3780273724462466,5,10,50,60,21,13
r5_s10_rhw50_shw80,346,0.08211255173642378,0.0626707141931056,0.1661108493107898,0.20494421422813727,0.28371420137991515,0.29944749579957286,0.08779097707572715,2.1367563216853465,5,10,50,80,21,17
r5_s10_rhw50_shw100,430,0.07789895371552895,0.05607378292529406,0.16418088406019923,0.1954422748692114,0.2726020767042549,0.29944749579957286,0.08149587673321484,1.9475725668815396,5,10,50,100,21,21
r5_s10_rhw75_shw40,270,0.08883642878733958,0.07867913363926622,0.1710498136356195,0.20882302847439435,0.2847018825595085,0.29944749579957286,0.050041590396784776,2.1991147444880697,5,10,75,40,31,9
r5_s10_rhw75_shw60,390,0.08025725138698651,0.06338828754241366,0.16469004497727743,0.20115278737925485,0.28363777589115974,0.29944749579957286,0.05138755024049509,2.1310730736460353,5,10,75,60,31,13
r5_s10_rhw75_shw80,512,0.07567868532769986,0.05925054510463792,0.15963038098691876,0.18854766677086948,0.24562262198923257,0.29944749579957286,0.02662089813550434,1.9743869600057888,5,10,75,80,31,17
r5_s10_rhw75_shw100,636,0.07145094587315474,0.053259830258122615,0.15450307879075198,0.17524735848147358,0.24500138223820084,0.29944749579957286,0.02211876301179952,1.647975722511206,5,10,75,100,31,21
r10_s1_rhw25_shw40,397,0.08746769966946173,0.07642191990358183,0.17429912563771272,0.2060118944474505,0.26111652448638056,0.2946820569584216,0.4155335497844451,3.415314111015414,10,1,25,40,6,81
r10_s1_rhw25_shw60,597,0.08969818642214918,0.07712025653455398,0.1766832926617761,0.21215713890888982,0.2668659435857222,0.2946820569584216,0.35500555600551353,2.983015253144465,10,1,25,60,6,121
r10_s1_rhw25_shw80,797,0.0859214482759635,0.0733101180632077,0.17143483095314674,0.20510718622368737,0.26013200261718855,0.2946820569584216,0.29521875565755173,2.4506286993723485,10,1,25,80,6,161
r10_s1_rhw25_shw100,997,0.08164733724958198,0.06851724055970121,0.16237546252164045,0.19375418297273467,0.24961898441971328,0.2946820569584216,0.258506310837405,2.1785186271607397,10,1,25,100,6,201
r10_s1_rhw35_shw40,555,0.08072278340302566,0.06796910277395707,0.16414683258398102,0.19605111333277342,0.25512645123819505,0.2946820569584216,0.20348827591990612,3.626758920495353,10,1,35,40,8,81
r10_s1_rhw35_shw60,835,0.0822761514081481,0.06835653945866903,0.1658500229256915,0.19659646318035676,0.2605947988971866,0.2946820569584216,0.1871765394254715,2.9842643370292237,10,1,35,60,8,121
r10_s1_rhw35_shw80,1115,0.07924574130634586,0.06446250450845015,0.1624837439127086,0.1907991397002165,0.24903790081934046,0.2946820569584216,0.15309382598131643,2.4670617607012444,10,1,35,80,8,161
r10_s1_rhw35_shw100,1395,0.07496792994077155,0.06001774435292098,0.15210651154868798,0.17953556689944067,0.24457700092050713,0.2946820569584216,0.13474854439270625,2.123969013596898,10,1,35,100,8,201
r10_s1_rhw50_shw40,876,0.08756302526583021,0.07491122327532898,0.17806047941178443,0.21229162981087346,0.2662674270251333,0.3256212213375055,0.14980477040024465,3.368603031221225,10,1,50,40,11,81
r10_s1_rhw50_shw60,1314,0.08955697774917422,0.07638679014513694,0.18150473840569134,0.21438463469636201,0.28327501765294205,0.3256212213375055,0.20379290926835306,3.539884760508902,10,1,50,60,11,121
r10_s1_rhw50_shw80,1754,0.08454592290405227,0.07063802550450002,0.17338772012425158,0.2053949758944979,0.26793071194424384,0.3256212213375055,0.1717778675037171,2.988542171024464,10,1,50,80,11,161
r10_s1_rhw50_shw100,2194,0.07914930776816215,0.06451805224628668,0.16415401373641467,0.19645553282533046,0.26092262444973957,0.3256212213375055,0.15330046693131943,2.5258989769891778,10,1,50,100,11,201
r10_s1_rhw75_shw40,1200,0.0824720445925114,0.06923071545209253,0.1663322687050971,0.19725292606724737,0.25109434358931376,0.3256212213375055,0.06732735734223433,2.828104256310842,10,1,75,40,16,81
r10_s1_rhw75_shw60,1796,0.08373955003260472,0.06940924769716604,0.17108816733638066,0.2012794453974112,0.2675877689702852,0.3256212213375055,0.1037887372045844,3.052054405637554,10,1,75,60,16,121
r10_s1_rhw75_shw80,2394,0.07930130334892259,0.06492758040923217,0.16463930267205162,0.19521188458837913,0.251633258870125,0.3256212213375055,0.14366634563349992,2.7937204482075244,10,1,75,80,16,161
r10_s1_rhw75_shw100,2994,0.07345387631369113,0.059947782442481765,0.15501776476486395,0.18527202039930454,0.24458745348162367,0.3256212213375055,0.12388896587966951,2.412817552022328,10,1,75,100,16,201
r10_s2_rhw25_shw40,200,0.09277342454883829,0.08172337266405555,0.18773750642737672,0.2248789211806922,0.28366397701838625,0.2946820569584216,0.3288074824620537,3.36667658072374,10,2,25,40,6,41
r10_s2_rhw25_shw60,300,0.09214434502785951,0.07999113018863133,0.18626694303324876,0.23040090326065354,0.2677076596966983,0.2946820569584216,0.2992187317915522,3.1036069309571546,10,2,25,60,6,61
r10_s2_rhw25_shw80,400,0.08761120281151434,0.07564825044043336,0.17524907686760102,0.20845245416058875,0.2609155739257746,0.2946820569584216,0.2623174519685221,2.7905014743151932,10,2,25,80,6,81
r10_s2_rhw25_shw100,500,0.08299148009282598,0.06965480605882185,0.16854156684030439,0.1962055395283674,0.25035800193204627,0.2946820569584216,0.23190461023813794,2.4088953097287797,10,2,25,100,6,101
r10_s2_rhw35_shw40,280,0.0854228070689494,0.07064855714548987,0.17524907686760102,0.2041449877328213,0.270922005115339,0.2946820569584216,0.25877440492061937,3.3387666724530973,10,2,35,40,8,41
r10_s2_rhw35_shw60,420,0.08457070312782786,0.06972936336894359,0.17432391411080184,0.20845245416058875,0.25883524514297673,0.2946820569584216,0.22553855232734485,3.0459806589890834,10,2,35,60,8,61
r10_s2_rhw35_shw80,560,0.08065720880814359,0.06513987610008015,0.1654819362769634,0.19597750000529798,0.249862973200664,0.2946820569584216,0.1912242760658225,2.592845491904764,10,2,35,80,8,81
r10_s2_rhw35_shw100,700,0.07609807838158716,0.05963074912175917,0.1566336165664999,0.18146473061450258,0.2456700403219507,0.2946820569584216,0.165046200152716,2.3216727590865993,10,2,35,100,8,101
r10_s2_rhw50_shw40,442,0.09328131901589644,0.08289374678371267,0.19160968496911482,0.22383604657383657,0.2837211491516202,0.3256212213375055,0.22213045832325973,3.3372159473679788,10,2,50,40,11,41
r10_s2_rhw50_shw60,660,0.09277571246774968,0.08143670168603637,0.18875725941583138,0.2190930822476274,0.2777741149363745,0.3256212213375055,0.22084080112166393,3.460948463355648,10,2,50,60,11,61
r10_s2_rhw50_shw80,880,0.08654122344979659,0.07265515268629896,0.17666798663093697,0.20879561923964052,0.2677184139127457,0.3256212213375055,0.1955988223052407,3.08163149653154,10,2,50,80,11,81
r10_s2_rhw50_shw100,1100,0.0807448907868249,0.06704071175894863,0.16617713282110863,0.19855637126388173,0.2608591666975965,0.3256212213375055,0.17214029198456834,2.625958118731271,10,2,50,100,11,101
r10_s2_rhw75_shw40,606,0.08734750798541568,0.07564825044043336,0.1760892081442804,0.2063990925886287,0.26726490628487604,0.3256212213375055,0.13181391548161314,2.9521606730197285,10,2,75,40,16,41
r10_s2_rhw75_shw60,902,0.08649051159085272,0.07372312932617686,0.17444312358767364,0.20724709411047865,0.2674905351975883,0.3256212213375055,0.12430348781515554,3.0986336312553986,10,2,75,60,16,61
r10_s2_rhw75_shw80,1200,0.0808892330138905,0.06721401511068734,0.1654819362769635,0.19709405797181556,0.25035800193204627,0.3256212213375055,0.12017034146382428,2.825705001792968,10,2,75,80,16,81
r10_s2_rhw75_shw100,1500,0.07472158225038959,0.06109347987698181,0.1553934742797282,0.18695648205760312,0.24563497190186304,0.3256212213375055,0.10498468231050541,2.4088953097287797,10,2,75,100,16,101
r10_s4_rhw25_shw40,102,0.10229560372871592,0.0908683531188558,0.1975237883072462,0.24546373771093027,0.2881041119610974,0.2946820569584216,0.35692121723136255,3.3575615525308606,10,4,25,40,6,21
r10_s4_rhw25_shw60,152,0.09910214943075307,0.08424268211868098,0.1975237883072462,0.24311600206971054,0.28583873699032647,0.2946820569584216,0.3037592960075602,3.0891880008532557,10,4,25,60,6,31
r10_s4_rhw25_shw80,202,0.09350733245517319,0.08012818256162776,0.18679017797547265,0.22929608585555306,0.28328500318770056,0.2946820569584216,0.2723829475523549,2.447763869970383,10,4,25,80,6,41
r10_s4_rhw25_shw100,252,0.0877637266797965,0.07564825044043336,0.17519522731482148,0.21063838914380598,0.26660168662417,0.2946820569584216,0.24005679666101196,2.2218414339435846,10,4,25,100,6,51
r10_s4_rhw35_shw40,144,0.094047922482513,0.0772480200189802,0.18578183996031508,0.22306161487883802,0.2862011969856498,0.2946820569584216,0.30242237040135833,3.374382382713679,10,4,35,40,8,21
r10_s4_rhw35_shw60,214,0.09086461268972257,0.07485393150514336,0.18185869376088298,0.2266286893055594,0.2792810072124531,0.2946820569584216,0.23864679442466655,3.087298874772827,10,4,35,60,8,31
r10_s4_rhw35_shw80,284,0.08589071182195386,0.07048554325315114,0.1751467403871074,0.2079404733293279,0.25592436402351065,0.2946820569584216,0.20839355625175415,2.5072089328528295,10,4,35,80,8,41
r10_s4_rhw35_shw100,354,0.08035566690923811,0.06399951849323307,0.16664348391644668,0.19660385226450108,0.24990253894892628,0.2946820569584216,0.17912809815218342,2.2045123112304466,10,4,35,100,8,51
r10_s4_rhw50_shw40,226,0.0999324897596405,0.08900642376482747,0.20193452136881007,0.2342447764448522,0.2870601555482839,0.3256212213375055,0.2587871889284344,3.323027890256837,10,4,50,40,11,21
r10_s4_rhw50_shw60,336,0.0983600638358771,0.08419482923748695,0.20193452136881007,0.2315589478140696,0.28373157080917777,0.3256212213375055,0.22390894320360744,3.486714172372616,10,4,50,60,11,31
r10_s4_rhw50_shw80,446,0.09141759078776085,0.07697090000712524,0.18760755154753964,0.21482030973122787,0.2824291053673338,0.3256212213375055,0.20690990592118946,3.1249518647582195,10,4,50,80,11,41
r10_s4_rhw50_shw100,556,0.0847253405968244,0.07109993864023392,0.17472073423007078,0.21290888274448855,0.2740387474557795,0.3256212213375055,0.18140294482008779,2.7347971806005793,10,4,50,100,11,51
r10_s4_rhw75_shw40,310,0.09212965525913093,0.07915495203486556,0.18257499677035902,0.21449297585510435,0.28377673132526055,0.3256212213375055,0.1800988096349421,2.867977965579909,10,4,75,40,16,21
r10_s4_rhw75_shw60,458,0.091372250147851,0.07697090000712524,0.18139808157848683,0.214757846162008,0.2821118882602306,0.3256212213375055,0.14843664296865625,3.142427290184943,10,4,75,60,16,31
r10_s4_rhw75_shw80,608,0.0849703201549154,0.07086776172132106,0.1743152711935142,0.20724037741324822,0.2670956727314466,0.3256212213375055,0.14395440919550517,2.822233874622303,10,4,75,80,16,41
r10_s4_rhw75_shw100,758,0.07797987703770633,0.06416268505258019,0.164560343858498,0.19765279111060405,0.24987616178341807,0.3256212213375055,0.12324749910583169,2.4361635939771253,10,4,75,100,16,51
r10_s5_rhw25_shw40,80,0.08957532150963064,0.07783675687599109,0.16640934129360963,0.20618268973563025,0.2536079511616431,0.28361866951897086,0.3014133047400417,2.1555955264147912,10,5,25,40,6,17
r10_s5_rhw25_shw60,120,0.0886183063799181,0.07776027063877058,0.1710498136356195,0.2057293864260668,0.27640090181277827,0.2933218787164078,0.2194851112636302,2.1023856598973247,10,5,25,60,6,25
r10_s5_rhw25_shw80,160,0.0837121364407029,0.07003817572819818,0.1642237993209438,0.2051275134968715,0.26120560137868815,0.2933218787164078,0.17996825668536748,1.8582842362228416,10,5,25,80,6,33
r10_s5_rhw25_shw100,200,0.07987941601409568,0.06514123972632441,0.15557083268335542,0.1787706619888792,0.24601030094459805,0.2933218787164078,0.16593968603979983,1.7250140506466247,10,5,25,100,6,41
r10_s5_rhw35_shw40,112,0.08207891574728503,0.0632819164888426,0.16460973633876957,0.20458750296603234,0.24562262198923257,0.28361866951897086,0.21034099044174212,2.464053848357328,10,5,35,40,8,17
r10_s5_rhw35_shw60,168,0.08218635828149247,0.06551417529170327,0.16502902451705403,0.2046950152977135,0.2581665412918708,0.2933218787164078,0.12795393678991418,2.1106331219861314,10,5,35,60,8,25
r10_s5_rhw35_shw80,224,0.07906889711232075,0.062232089081204395,0.1611239058468054,0.19276518253224353,0.24561411677703596,0.2933218787164078,0.09517291458598641,1.8510239270079527,10,5,35,80,8,33
r10_s5_rhw35_shw100,280,0.07483162752662445,0.05727912430870171,0.15106610738013274,0.1716992498007003,0.2455744257867851,0.2933218787164078,0.08820496105659786,1.7250140506466274,10,5,35,100,8,41
r10_s5_rhw50_shw40,178,0.08808802488754132,0.08034869436871275,0.17106899048600008,0.2077386922721803,0.28365861920627483,0.29926435126969786,0.1960524146618276,2.5897496872588404,10,5,50,40,11,17
r10_s5_rhw50_shw60,264,0.0872244375150176,0.07783675687599109,0.17128601994517242,0.2109245537654503,0.2847792823832486,0.29926435126969786,0.13214944221554312,2.5577693218019126,10,5,50,60,11,25
r10_s5_rhw50_shw80,352,0.08154499667898396,0.06636953322329033,0.16577111661916646,0.20389178571176958,0.2837037797223576,0.29926435126969786,0.10369332490841915,2.1282314496263814,10,5,50,80,11,33
r10_s5_rhw50_shw100,440,0.07675299466500275,0.059035883640554204,0.16030179989195928,0.19256633864918765,0.26880325159573376,0.29926435126969786,0.09840123425012026,1.8444042916930012,10,5,50,100,11,41
r10_s5_rhw75_shw40,246,0.08184224686164585,0.06245484446511067,0.16543672110748964,0.1975909403306329,0.26652395653062017,0.29926435126969786,0.11408470730769073,2.326787249170425,10,5,75,40,16,17
r10_s5_rhw75_shw60,362,0.08188950789926172,0.06410505021376377,0.16593909133702933,0.20391643201631368,0.283686410293095,0.29926435126969786,0.05339390511319195,2.114756853030534,10,5,75,60,16,25
r10_s5_rhw75_shw80,480,0.07660734734015553,0.06033552198661356,0.16033830742413924,0.19256633864918765,0.25360795116164253,0.29926435126969786,0.03110519045040714,1.8444042916930012,10,5,75,80,16,33
r10_s5_rhw75_shw100,600,0.07121416354547243,0.05348395124302272,0.15448664674025114,0.17759327171778738,0.24556025043312407,0.29926435126969786,0.03269564872931881,1.647225114416149,10,5,75,100,16,41
r10_s10_rhw25_shw40,40,0.09963368913775762,0.12265619273501985,0.17441438818077573,0.24556308550385628,0.2688032515957332,0.28361866951897086,0.34807498177069407,2.1023856598973247,10,10,25,40,6,9
r10_s10_rhw25_shw60,60,0.09013601131162119,0.08767943050201794,0.1710498136356195,0.20600092889770164,0.26120560137868815,0.28361866951897086,0.28588867011157,1.9791001960409382,10,10,25,60,6,13
r10_s10_rhw25_shw80,80,0.08341505914633056,0.06170467194751943,0.1642237993209438,0.17302284109848376,0.2536079511616431,0.28361866951897086,0.23046466692206174,1.7330192753461207,10,10,25,80,6,17
r10_s10_rhw25_shw100,100,0.07964490453189554,0.05925562379169086,0.14112500578194512,0.1711491406348021,0.24601030094459858,0.28361866951897086,0.20559301298301455,1.6756157923785233,10,10,25,100,6,21
r10_s10_rhw35_shw40,56,0.0949882099793513,0.1062383510968528,0.17108816733638066,0.22997484147371772,0.26272513142209736,0.28361866951897086,0.22510732282586424,2.122548201587072,10,10,35,40,8,9
r10_s10_rhw35_shw60,84,0.08620774576972108,0.07735780988044061,0.1657170555112662,0.19904057208651252,0.25208842111823443,0.28361866951897086,0.1754232828149692,2.082340764755873,10,10,35,60,8,13
r10_s10_rhw35_shw80,112,0.07984561145963971,0.06034464575645562,0.16330081738206528,0.17125339001456208,0.24562262198923257,0.28361866951897086,0.13217536359546075,1.9018862576905127,10,10,35,80,8,17
r10_s10_rhw35_shw100,140,0.07545440832399772,0.054883625430628656,0.14124294310215493,0.17104501942302436,0.24560277649410714,0.28361866951897086,0.11733717117107385,1.7265864205455974,10,10,35,100,8,21
r10_s10_rhw50_shw40,90,0.09542276657002431,0.09175107105070454,0.171157525245595,0.22463019712465077,0.28363777589115974,0.2837923638115969,0.20772751597597638,2.1590397156433814,10,10,50,40,11,9
r10_s10_rhw50_shw60,132,0.08654311132091744,0.08362658413889508,0.16601964895277146,0.20389178571176958,0.27184231168255113,0.2837923638115969,0.16096291982350291,2.107883967956529,10,10,50,60,11,13
r10_s10_rhw50_shw80,176,0.07927128866059992,0.06165880984577597,0.16420219152613394,0.17136188369915387,0.2551274812050523,0.2837923638115969,0.12592563571282966,1.8761548384884268,10,10,50,80,11,17
r10_s10_rhw50_shw100,220,0.07493684678231499,0.05461554847375387,0.15505259218887948,0.17104501942302436,0.24561695184776816,0.2837923638115969,0.11559951885734036,1.6756157923785227,10,10,50,100,11,21
r10_s10_rhw75_shw40,126,0.08791090883126819,0.08260090614543078,0.1655747946261591,0.20390657349449604,0.27412160674766467,0.2837923638115969,0.1271799071896959,2.112007699000932,10,10,75,40,16,9
r10_s10_rhw75_shw60,182,0.0792934452902046,0.06242681393502439,0.16422349899206864,0.17133955940332968,0.25284818613993876,0.2837923638115969,0.08959772156463007,1.837811399015278,10,10,75,60,16,13
r10_s10_rhw75_shw80,240,0.07356865680489394,0.058915595501232626,0.15457564696302953,0.16647318755242246,0.24560277649410714,0.2837923638115969,0.06701705550128204,1.6756157923785227,10,10,75,80,16,17
r10_s10_rhw75_shw100,300,0.06878497013649275,0.053092077935761386,0.1401696888286424,0.16467401172163762,0.24556025043312407,0.2837923638115969,0.061112460408055125,1.5855818836556932,10,10,75,100,16,21
