event_idx,station,event_on_time,event_off_time,consensus_ok,consensus_time,consensus_relative_s,consensus_n_votes,consensus_methods,consensus_components,ar_p_time,ar_s_time,ar_p_relative_s,ar_s_relative_s
0,node1,2026-04-30 18:30:06.482,2026-04-30 18:30:07.084,True,2026-04-30T18:30:06.882000Z,0.65,3,"aic,ar_p,aic","Z,ZNE,E",2026-04-30T18:30:06.882000Z,2026-04-30T18:30:06.892000Z,0.6499999761581421,0.6600000262260437
0,node2,2026-04-30 18:30:06.482,2026-04-30 18:30:07.084,True,2026-04-30T18:30:06.902000Z,0.67,6,"ar_p,aic,aic,baer,aic,baer","ZNE,Z,N,Z,E,E",2026-04-30T18:30:06.892000Z,2026-04-30T18:30:06.900000Z,0.6600000262260437,0.6679999828338623
0,node3,2026-04-30 18:30:06.482,2026-04-30 18:30:07.084,True,2026-04-30T18:30:06.908000Z,0.676,6,"ar_p,aic,aic,aic,baer,baer","ZNE,Z,N,E,Z,E",2026-04-30T18:30:06.894000Z,2026-04-30T18:30:06.908000Z,0.6620000004768372,0.6759999990463257
0,node4,2026-04-30 18:30:06.482,2026-04-30 18:30:07.084,True,2026-04-30T18:30:06.910000Z,0.678,7,"baer,ar_p,aic,aic,aic,baer,baer","N,ZNE,Z,N,E,Z,E",2026-04-30T18:30:06.898000Z,2026-04-30T18:30:06.910000Z,0.6660000085830688,0.6779999732971191
0,node5,2026-04-30 18:30:06.482,2026-04-30 18:30:07.084,True,2026-04-30T18:30:06.914000Z,0.682,4,"ar_p,aic,aic,baer","ZNE,Z,N,N",2026-04-30T18:30:06.902000Z,2026-04-30T18:30:06.232000Z,0.6700000166893005,0.0
0,node6,2026-04-30 18:30:06.482,2026-04-30 18:30:07.084,True,2026-04-30T18:30:06.916000Z,0.684,5,"ar_p,aic,aic,baer,aic","ZNE,Z,N,Z,E",2026-04-30T18:30:06.904000Z,2026-04-30T18:30:06.232000Z,0.671999990940094,0.0
4,node1,2026-04-30 18:37:31.380,2026-04-30 18:37:31.630,True,2026-04-30T18:37:31.372000Z,0.242,5,"ar_p,aic,aic,baer,baer","ZNE,Z,E,Z,N",2026-04-30T18:37:31.362000Z,2026-04-30T18:37:31.442000Z,0.23199999332427979,0.31200000643730164
4,node2,2026-04-30 18:37:31.380,2026-04-30 18:37:31.630,True,2026-04-30T18:37:31.386000Z,0.256,5,"ar_p,aic,aic,baer,baer","ZNE,N,Z,Z,N",2026-04-30T18:37:31.372000Z,2026-04-30T18:37:31.460000Z,0.24199999868869781,0.33000001311302185
4,node3,2026-04-30 18:37:31.380,2026-04-30 18:37:31.630,True,2026-04-30T18:37:31.398000Z,0.268,4,"aic,baer,aic,aic","N,N,Z,E",2026-04-30T18:37:31.456000Z,2026-04-30T18:37:31.466000Z,0.32600000500679016,0.335999995470047
4,node4,2026-04-30 18:37:31.380,2026-04-30 18:37:31.630,True,2026-04-30T18:37:31.412000Z,0.282,3,"aic,aic,baer","N,E,E",2026-04-30T18:37:31.382000Z,2026-04-30T18:37:31.488000Z,0.25200000405311584,0.3580000102519989
4,node5,2026-04-30 18:37:31.380,2026-04-30 18:37:31.630,True,2026-04-30T18:37:31.408000Z,0.278,3,"aic,aic,baer","N,Z,N",2026-04-30T18:37:31.480000Z,2026-04-30T18:37:31.130000Z,0.3499999940395355,0.0
4,node6,2026-04-30 18:37:31.380,2026-04-30 18:37:31.630,True,2026-04-30T18:37:31.474000Z,0.344,2,"baer,aic","E,E",2026-04-30T18:37:31.162000Z,2026-04-30T18:37:31.516000Z,0.03200000151991844,0.38600000739097595
6,node1,2026-04-30 18:37:37.128,2026-04-30 18:37:37.280,True,2026-04-30T18:37:37.125000Z,0.247,6,"ar_p,aic,baer,aic,baer,baer","ZNE,N,N,Z,Z,E",2026-04-30T18:37:37.114000Z,2026-04-30T18:37:37.120000Z,0.23600000143051147,0.24199999868869781
6,node2,2026-04-30 18:37:37.128,2026-04-30 18:37:37.280,True,2026-04-30T18:37:37.134000Z,0.256,6,"ar_p,aic,baer,aic,baer,aic","ZNE,N,E,Z,N,E",2026-04-30T18:37:37.130000Z,2026-04-30T18:37:37.132000Z,0.25200000405311584,0.2540000081062317
6,node3,2026-04-30 18:37:37.128,2026-04-30 18:37:37.280,True,2026-04-30T18:37:37.140000Z,0.262,7,"ar_p,aic,aic,baer,baer,baer,aic","ZNE,N,Z,E,Z,N,E",2026-04-30T18:37:37.128000Z,2026-04-30T18:37:37.142000Z,0.25,0.2639999985694885
6,node4,2026-04-30 18:37:37.128,2026-04-30 18:37:37.280,True,2026-04-30T18:37:37.149000Z,0.271,6,"ar_p,aic,baer,aic,baer,baer","ZNE,N,N,Z,Z,E",2026-04-30T18:37:37.138000Z,2026-04-30T18:37:37.144000Z,0.25999999046325684,0.26600000262260437
6,node5,2026-04-30 18:37:37.128,2026-04-30 18:37:37.280,True,2026-04-30T18:37:37.160000Z,0.282,5,"ar_p,aic,baer,aic,baer","ZNE,Z,Z,N,N",2026-04-30T18:37:37.146000Z,2026-04-30T18:37:37.188000Z,0.2680000066757202,0.3100000023841858
6,node6,2026-04-30 18:37:37.128,2026-04-30 18:37:37.280,True,2026-04-30T18:37:37.164000Z,0.286,3,"aic,aic,baer","Z,N,N",2026-04-30T18:37:36.906000Z,2026-04-30T18:37:37.178000Z,0.02800000086426735,0.30000001192092896
7,node1,2026-04-30 18:37:37.608,2026-04-30 18:37:37.754,True,2026-04-30T18:37:37.451000Z,0.093,2,"baer,baer","Z,N",2026-04-30T18:37:37.596000Z,2026-04-30T18:37:37.602000Z,0.23800000548362732,0.24400000274181366
7,node2,2026-04-30 18:37:37.608,2026-04-30 18:37:37.754,True,2026-04-30T18:37:37.618000Z,0.26,5,"ar_p,aic,aic,aic,baer","ZNE,N,Z,E,Z",2026-04-30T18:37:37.608000Z,2026-04-30T18:37:37.616000Z,0.25,0.257999986410141
7,node3,2026-04-30 18:37:37.608,2026-04-30 18:37:37.754,True,2026-04-30T18:37:37.623000Z,0.265,6,"ar_p,aic,aic,baer,baer,aic","ZNE,Z,N,Z,N,E",2026-04-30T18:37:37.610000Z,2026-04-30T18:37:37.622000Z,0.25200000405311584,0.2639999985694885
7,node4,2026-04-30 18:37:37.608,2026-04-30 18:37:37.754,True,2026-04-30T18:37:37.632000Z,0.274,7,"ar_p,aic,baer,aic,aic,baer,baer","ZNE,N,N,E,Z,Z,E",2026-04-30T18:37:37.622000Z,2026-04-30T18:37:37.624000Z,0.2639999985694885,0.26600000262260437
7,node5,2026-04-30 18:37:37.608,2026-04-30 18:37:37.754,True,2026-04-30T18:37:37.640000Z,0.282,7,"ar_p,baer,aic,aic,aic,baer,baer","ZNE,Z,N,Z,E,N,E",2026-04-30T18:37:37.628000Z,2026-04-30T18:37:37.358000Z,0.27000001072883606,0.0
7,node6,2026-04-30 18:37:37.608,2026-04-30 18:37:37.754,True,2026-04-30T18:37:37.644000Z,0.286,5,"ar_p,aic,aic,aic,baer","ZNE,N,Z,E,Z",2026-04-30T18:37:37.632000Z,2026-04-30T18:37:37.660000Z,0.27399998903274536,0.3019999861717224
8,node1,2026-04-30 18:38:01.232,2026-04-30 18:38:01.414,True,2026-04-30T18:38:01.252000Z,0.27,5,"ar_p,aic,aic,baer,aic","ZNE,N,Z,N,E",2026-04-30T18:38:01.242000Z,2026-04-30T18:38:01.252000Z,0.25999999046325684,0.27000001072883606
8,node2,2026-04-30 18:38:01.232,2026-04-30 18:38:01.414,True,2026-04-30T18:38:01.264000Z,0.282,5,"aic,ar_p,aic,aic,baer","N,ZNE,Z,E,Z",2026-04-30T18:38:01.260000Z,2026-04-30T18:38:01.272000Z,0.27799999713897705,0.28999999165534973
8,node3,2026-04-30 18:38:01.232,2026-04-30 18:38:01.414,True,2026-04-30T18:38:01.277000Z,0.295,6,"aic,baer,baer,aic,ar_p,aic","N,Z,E,E,ZNE,Z",2026-04-30T18:38:01.278000Z,2026-04-30T18:38:01.284000Z,0.29600000381469727,0.3019999861717224
8,node4,2026-04-30 18:38:01.232,2026-04-30 18:38:01.414,True,2026-04-30T18:38:01.286000Z,0.304,3,"aic,ar_p,aic","N,ZNE,Z",2026-04-30T18:38:01.286000Z,2026-04-30T18:38:01.296000Z,0.30399999022483826,0.3140000104904175
8,node5,2026-04-30 18:38:01.232,2026-04-30 18:38:01.414,True,2026-04-30T18:38:01.298000Z,0.316,3,"baer,aic,ar_p","Z,Z,ZNE",2026-04-30T18:38:01.298000Z,2026-04-30T18:38:01.306000Z,0.3160000145435333,0.3240000009536743
8,node6,2026-04-30 18:38:01.232,2026-04-30 18:38:01.414,True,2026-04-30T18:38:01.312000Z,0.33,4,"baer,aic,ar_p,aic","Z,N,ZNE,Z",2026-04-30T18:38:01.316000Z,2026-04-30T18:38:01.322000Z,0.33399999141693115,0.3400000035762787
9,node1,2026-04-30 18:38:52.270,2026-04-30 18:38:52.650,True,2026-04-30T18:38:52.491000Z,0.471,4,"ar_p,aic,aic,aic","ZNE,Z,N,E",2026-04-30T18:38:52.476000Z,2026-04-30T18:38:52.490000Z,0.4560000002384186,0.4699999988079071
9,node2,2026-04-30 18:38:52.270,2026-04-30 18:38:52.650,True,2026-04-30T18:38:52.498000Z,0.478,5,"ar_p,aic,aic,aic,baer","ZNE,N,E,Z,E",2026-04-30T18:38:52.488000Z,2026-04-30T18:38:52.498000Z,0.46799999475479126,0.4779999852180481
9,node3,2026-04-30 18:38:52.270,2026-04-30 18:38:52.650,True,2026-04-30T18:38:52.508000Z,0.488,5,"ar_p,baer,aic,aic,aic","ZNE,Z,Z,N,E",2026-04-30T18:38:52.496000Z,2026-04-30T18:38:52.506000Z,0.47600001096725464,0.4860000014305115
9,node4,2026-04-30 18:38:52.270,2026-04-30 18:38:52.650,True,2026-04-30T18:38:52.510000Z,0.49,5,"ar_p,aic,aic,baer,aic","ZNE,Z,N,E,E",2026-04-30T18:38:52.498000Z,2026-04-30T18:38:52.516000Z,0.4779999852180481,0.4959999918937683
9,node5,2026-04-30 18:38:52.270,2026-04-30 18:38:52.650,True,2026-04-30T18:38:52.521000Z,0.501,4,"aic,aic,aic,baer","Z,N,E,E",2026-04-30T18:38:52.502000Z,2026-04-30T18:38:52.538000Z,0.4819999933242798,0.5180000066757202
9,node6,2026-04-30 18:38:52.270,2026-04-30 18:38:52.650,True,2026-04-30T18:38:52.523000Z,0.503,4,"aic,aic,aic,baer","Z,N,E,E",2026-04-30T18:38:52.504000Z,2026-04-30T18:38:52.532000Z,0.48399999737739563,0.5120000243186951
10,node1,2026-04-30 18:39:06.858,2026-04-30 18:39:07.082,True,2026-04-30T18:39:06.901000Z,0.293,4,"ar_p,aic,aic,aic","ZNE,N,Z,E",2026-04-30T18:39:06.890000Z,2026-04-30T18:39:06.900000Z,0.28200000524520874,0.2919999957084656
10,node2,2026-04-30 18:39:06.858,2026-04-30 18:39:07.082,True,2026-04-30T18:39:06.910000Z,0.302,4,"ar_p,aic,aic,aic","ZNE,N,E,Z",2026-04-30T18:39:06.898000Z,2026-04-30T18:39:06.908000Z,0.28999999165534973,0.30000001192092896
10,node3,2026-04-30 18:39:06.858,2026-04-30 18:39:07.082,True,2026-04-30T18:39:06.917000Z,0.309,4,"ar_p,aic,aic,aic","ZNE,Z,N,E",2026-04-30T18:39:06.904000Z,2026-04-30T18:39:06.916000Z,0.29600000381469727,0.30799999833106995
10,node4,2026-04-30 18:39:06.858,2026-04-30 18:39:07.082,True,2026-04-30T18:39:06.918000Z,0.31,4,"ar_p,aic,aic,aic","ZNE,Z,N,E",2026-04-30T18:39:06.906000Z,2026-04-30T18:39:06.918000Z,0.2980000078678131,0.3100000023841858
10,node5,2026-04-30 18:39:06.858,2026-04-30 18:39:07.082,True,2026-04-30T18:39:06.925000Z,0.317,4,"ar_p,aic,aic,aic","ZNE,Z,N,E",2026-04-30T18:39:06.912000Z,2026-04-30T18:39:06.940000Z,0.30399999022483826,0.3319999873638153
10,node6,2026-04-30 18:39:06.858,2026-04-30 18:39:07.082,True,2026-04-30T18:39:06.926000Z,0.318,4,"ar_p,aic,aic,aic","ZNE,Z,N,E",2026-04-30T18:39:06.914000Z,2026-04-30T18:39:06.942000Z,0.3059999942779541,0.33399999141693115
11,node1,2026-04-30 18:39:33.334,2026-04-30 18:39:33.948,True,2026-04-30T18:39:33.751000Z,0.667,4,"ar_p,aic,aic,aic","ZNE,N,Z,E",2026-04-30T18:39:33.740000Z,2026-04-30T18:39:33.750000Z,0.656000018119812,0.6660000085830688
11,node2,2026-04-30 18:39:33.334,2026-04-30 18:39:33.948,True,2026-04-30T18:39:33.758000Z,0.674,4,"ar_p,aic,aic,aic","ZNE,Z,N,E",2026-04-30T18:39:33.750000Z,2026-04-30T18:39:33.758000Z,0.6660000085830688,0.6740000247955322
11,node3,2026-04-30 18:39:33.334,2026-04-30 18:39:33.948,True,2026-04-30T18:39:33.766000Z,0.682,4,"ar_p,aic,aic,aic","ZNE,Z,N,E",2026-04-30T18:39:33.754000Z,2026-04-30T18:39:33.764000Z,0.6700000166893005,0.6800000071525574
11,node4,2026-04-30 18:39:33.334,2026-04-30 18:39:33.948,True,2026-04-30T18:39:33.768000Z,0.684,4,"ar_p,aic,aic,aic","ZNE,Z,N,E",2026-04-30T18:39:33.756000Z,2026-04-30T18:39:33.768000Z,0.671999990940094,0.6840000152587891
11,node5,2026-04-30 18:39:33.334,2026-04-30 18:39:33.948,True,2026-04-30T18:39:33.772000Z,0.688,3,"ar_p,aic,aic","ZNE,Z,N",2026-04-30T18:39:33.762000Z,2026-04-30T18:39:33.802000Z,0.6779999732971191,0.7179999947547913
11,node6,2026-04-30 18:39:33.334,2026-04-30 18:39:33.948,True,2026-04-30T18:39:33.774000Z,0.69,3,"ar_p,aic,aic","ZNE,Z,N",2026-04-30T18:39:33.764000Z,2026-04-30T18:39:33.084000Z,0.6800000071525574,0.0
13,node1,2026-04-30 18:39:50.436,2026-04-30 18:39:50.736,True,2026-04-30T18:39:50.561000Z,0.375,4,"ar_p,aic,aic,aic","ZNE,N,Z,E",2026-04-30T18:39:50.554000Z,2026-04-30T18:39:50.562000Z,0.36800000071525574,0.37599998712539673
13,node2,2026-04-30 18:39:50.436,2026-04-30 18:39:50.736,True,2026-04-30T18:39:50.570000Z,0.384,5,"ar_p,aic,aic,aic,baer","ZNE,Z,N,E,E",2026-04-30T18:39:50.560000Z,2026-04-30T18:39:50.572000Z,0.37400001287460327,0.38600000739097595
13,node3,2026-04-30 18:39:50.436,2026-04-30 18:39:50.736,True,2026-04-30T18:39:50.578000Z,0.392,5,"ar_p,baer,aic,aic,aic","ZNE,Z,Z,N,E",2026-04-30T18:39:50.566000Z,2026-04-30T18:39:50.576000Z,0.3799999952316284,0.38999998569488525
13,node4,2026-04-30 18:39:50.436,2026-04-30 18:39:50.736,True,2026-04-30T18:39:50.580000Z,0.394,5,"ar_p,aic,aic,aic,baer","ZNE,Z,N,E,E",2026-04-30T18:39:50.568000Z,2026-04-30T18:39:50.580000Z,0.38199999928474426,0.39399999380111694
13,node5,2026-04-30 18:39:50.436,2026-04-30 18:39:50.736,True,2026-04-30T18:39:50.210000Z,0.024,3,"baer,baer,baer","Z,N,E",2026-04-30T18:39:50.572000Z,2026-04-30T18:39:50.596000Z,0.38600000739097595,0.4099999964237213
13,node6,2026-04-30 18:39:50.436,2026-04-30 18:39:50.736,True,2026-04-30T18:39:50.212000Z,0.026,3,"baer,baer,baer","Z,N,E",2026-04-30T18:39:50.576000Z,2026-04-30T18:39:50.594000Z,0.38999998569488525,0.40799999237060547
14,node1,2026-04-30 18:39:54.006,2026-04-30 18:39:54.158,True,2026-04-30T18:39:54.008000Z,0.252,5,"ar_p,aic,aic,baer,aic","ZNE,N,E,N,Z",2026-04-30T18:39:54.002000Z,2026-04-30T18:39:54.006000Z,0.2460000067949295,0.25
14,node2,2026-04-30 18:39:54.006,2026-04-30 18:39:54.158,True,2026-04-30T18:39:54.018000Z,0.262,7,"baer,ar_p,aic,aic,aic,baer,baer","N,ZNE,N,Z,E,E,Z",2026-04-30T18:39:54.010000Z,2026-04-30T18:39:54.016000Z,0.2540000081062317,0.25999999046325684
14,node3,2026-04-30 18:39:54.006,2026-04-30 18:39:54.158,True,2026-04-30T18:39:54.024000Z,0.268,6,"ar_p,aic,aic,baer,baer,aic","ZNE,Z,N,Z,N,E",2026-04-30T18:39:54.014000Z,2026-04-30T18:39:54.026000Z,0.257999986410141,0.27000001072883606
14,node4,2026-04-30 18:39:54.006,2026-04-30 18:39:54.158,True,2026-04-30T18:39:54.026000Z,0.27,6,"baer,ar_p,aic,aic,baer,aic","E,ZNE,Z,N,N,E",2026-04-30T18:39:54.022000Z,2026-04-30T18:39:54.034000Z,0.26600000262260437,0.27799999713897705
14,node5,2026-04-30 18:39:54.006,2026-04-30 18:39:54.158,True,2026-04-30T18:39:54.034000Z,0.278,5,"aic,baer,baer,aic,aic","Z,Z,N,N,E",2026-04-30T18:39:54.052000Z,2026-04-30T18:39:54.050000Z,0.29600000381469727,0.2939999997615814
14,node6,2026-04-30 18:39:54.006,2026-04-30 18:39:54.158,True,2026-04-30T18:39:54.040000Z,0.284,5,"baer,baer,baer,aic,aic","Z,E,N,N,E",2026-04-30T18:39:53.952000Z,2026-04-30T18:39:53.756000Z,0.19599999487400055,0.0
15,node1,2026-04-30 18:40:28.684,2026-04-30 18:40:28.988,True,2026-04-30T18:40:28.815000Z,0.381,4,"ar_p,aic,aic,aic","ZNE,Z,N,E",2026-04-30T18:40:28.806000Z,2026-04-30T18:40:28.814000Z,0.3720000088214874,0.3799999952316284
15,node2,2026-04-30 18:40:28.684,2026-04-30 18:40:28.988,True,2026-04-30T18:40:28.824000Z,0.39,5,"ar_p,aic,aic,aic,baer","ZNE,Z,N,E,E",2026-04-30T18:40:28.816000Z,2026-04-30T18:40:28.822000Z,0.38199999928474426,0.3880000114440918
15,node3,2026-04-30 18:40:28.684,2026-04-30 18:40:28.988,True,2026-04-30T18:40:28.830000Z,0.396,6,"ar_p,aic,aic,baer,aic,baer","ZNE,Z,N,N,E,E",2026-04-30T18:40:28.818000Z,2026-04-30T18:40:28.830000Z,0.3840000033378601,0.3959999978542328
15,node4,2026-04-30 18:40:28.684,2026-04-30 18:40:28.988,True,2026-04-30T18:40:28.834000Z,0.4,7,"ar_p,aic,aic,baer,aic,baer,baer","ZNE,Z,N,Z,E,N,E",2026-04-30T18:40:28.820000Z,2026-04-30T18:40:28.832000Z,0.38600000739097595,0.39800000190734863
15,node5,2026-04-30 18:40:28.684,2026-04-30 18:40:28.988,True,2026-04-30T18:40:28.839000Z,0.405,6,"ar_p,aic,aic,baer,baer,aic","ZNE,Z,N,Z,N,E",2026-04-30T18:40:28.826000Z,2026-04-30T18:40:28.850000Z,0.3919999897480011,0.41600000858306885
15,node6,2026-04-30 18:40:28.684,2026-04-30 18:40:28.988,True,2026-04-30T18:40:28.839000Z,0.405,4,"ar_p,aic,aic,baer","ZNE,Z,N,Z",2026-04-30T18:40:28.828000Z,2026-04-30T18:40:28.846000Z,0.39399999380111694,0.41200000047683716
17,node1,2026-04-30 18:40:59.476,2026-04-30 18:40:59.860,True,2026-04-30T18:40:59.340000Z,0.114,2,"baer,baer","Z,E",2026-04-30T18:40:59.664000Z,2026-04-30T18:40:59.668000Z,0.43799999356269836,0.44200000166893005
17,node2,2026-04-30 18:40:59.476,2026-04-30 18:40:59.860,True,2026-04-30T18:40:59.303000Z,0.077,2,"baer,baer","E,Z",2026-04-30T18:40:59.672000Z,2026-04-30T18:40:59.678000Z,0.44600000977516174,0.4519999921321869
17,node3,2026-04-30 18:40:59.476,2026-04-30 18:40:59.860,True,2026-04-30T18:40:59.640000Z,0.414,3,"baer,aic,aic","E,N,E",2026-04-30T18:40:59.674000Z,2026-04-30T18:40:59.690000Z,0.4480000138282776,0.46399998664855957
17,node4,2026-04-30 18:40:59.476,2026-04-30 18:40:59.860,True,2026-04-30T18:40:59.688000Z,0.462,4,"aic,ar_p,aic,aic","Z,ZNE,N,E",2026-04-30T18:40:59.686000Z,2026-04-30T18:40:59.700000Z,0.46000000834465027,0.4740000069141388
17,node5,2026-04-30 18:40:59.476,2026-04-30 18:40:59.860,True,2026-04-30T18:40:59.683000Z,0.457,4,"aic,ar_p,aic,aic","E,ZNE,Z,N",2026-04-30T18:40:59.678000Z,2026-04-30T18:40:59.226000Z,0.4519999921321869,0.0
17,node6,2026-04-30 18:40:59.476,2026-04-30 18:40:59.860,True,2026-04-30T18:40:59.696000Z,0.47,5,"ar_p,aic,aic,aic,baer","ZNE,Z,N,E,E",2026-04-30T18:40:59.684000Z,2026-04-30T18:40:59.710000Z,0.4580000042915344,0.48399999737739563
18,node1,2026-04-30 18:41:18.320,2026-04-30 18:41:18.694,True,2026-04-30T18:41:18.546000Z,0.476,4,"ar_p,aic,aic,aic","ZNE,Z,N,E",2026-04-30T18:41:18.540000Z,2026-04-30T18:41:18.544000Z,0.4699999988079071,0.4740000069141388
18,node2,2026-04-30 18:41:18.320,2026-04-30 18:41:18.694,True,2026-04-30T18:41:18.555000Z,0.485,4,"ar_p,aic,aic,aic","ZNE,N,Z,E",2026-04-30T18:41:18.548000Z,2026-04-30T18:41:18.554000Z,0.4779999852180481,0.48399999737739563
18,node3,2026-04-30 18:41:18.320,2026-04-30 18:41:18.694,True,2026-04-30T18:41:18.562000Z,0.492,5,"ar_p,baer,aic,aic,aic","ZNE,Z,Z,N,E",2026-04-30T18:41:18.550000Z,2026-04-30T18:41:18.564000Z,0.47999998927116394,0.49399998784065247
18,node4,2026-04-30 18:41:18.320,2026-04-30 18:41:18.694,True,2026-04-30T18:41:18.472000Z,0.402,3,"baer,aic,baer","N,Z,Z",2026-04-30T18:41:18.554000Z,2026-04-30T18:41:18.564000Z,0.48399999737739563,0.49399998784065247
18,node5,2026-04-30 18:41:18.320,2026-04-30 18:41:18.694,True,2026-04-30T18:41:18.571000Z,0.501,4,"ar_p,aic,aic,aic","ZNE,Z,N,E",2026-04-30T18:41:18.560000Z,2026-04-30T18:41:18.570000Z,0.49000000953674316,0.5
18,node6,2026-04-30 18:41:18.320,2026-04-30 18:41:18.694,True,2026-04-30T18:41:18.573000Z,0.503,4,"ar_p,aic,aic,aic","ZNE,Z,N,E",2026-04-30T18:41:18.562000Z,2026-04-30T18:41:18.586000Z,0.492000013589859,0.515999972820282
19,node1,2026-04-30 18:41:18.496,2026-04-30 18:41:18.714,True,2026-04-30T18:41:18.546000Z,0.3,5,"ar_p,aic,aic,aic,baer","ZNE,Z,N,E,Z",2026-04-30T18:41:18.540000Z,2026-04-30T18:41:18.544000Z,0.2939999997615814,0.2980000078678131
19,node2,2026-04-30 18:41:18.496,2026-04-30 18:41:18.714,True,2026-04-30T18:41:18.555000Z,0.309,4,"ar_p,aic,aic,aic","ZNE,N,Z,E",2026-04-30T18:41:18.548000Z,2026-04-30T18:41:18.554000Z,0.3019999861717224,0.30799999833106995
19,node3,2026-04-30 18:41:18.496,2026-04-30 18:41:18.714,True,2026-04-30T18:41:18.562000Z,0.316,4,"ar_p,aic,aic,aic","ZNE,Z,N,E",2026-04-30T18:41:18.550000Z,2026-04-30T18:41:18.564000Z,0.30399999022483826,0.3179999887943268
19,node4,2026-04-30 18:41:18.496,2026-04-30 18:41:18.714,True,2026-04-30T18:41:18.566000Z,0.32,4,"ar_p,aic,aic,aic","ZNE,Z,N,E",2026-04-30T18:41:18.554000Z,2026-04-30T18:41:18.564000Z,0.30799999833106995,0.3179999887943268
19,node5,2026-04-30 18:41:18.496,2026-04-30 18:41:18.714,True,2026-04-30T18:41:18.572000Z,0.326,4,"ar_p,aic,aic,aic","ZNE,Z,N,E",2026-04-30T18:41:18.560000Z,2026-04-30T18:41:18.570000Z,0.3140000104904175,0.3240000009536743
19,node6,2026-04-30 18:41:18.496,2026-04-30 18:41:18.714,True,2026-04-30T18:41:18.574000Z,0.328,5,"ar_p,aic,aic,baer,aic","ZNE,Z,N,N,E",2026-04-30T18:41:18.562000Z,2026-04-30T18:41:18.586000Z,0.3160000145435333,0.3400000035762787
20,node1,2026-04-30 18:41:35.954,2026-04-30 18:41:36.264,True,2026-04-30T18:41:36.076000Z,0.372,6,"baer,aic,ar_p,aic,baer,aic","N,N,ZNE,Z,E,E",2026-04-30T18:41:36.074000Z,2026-04-30T18:41:36.078000Z,0.3700000047683716,0.37400001287460327
20,node2,2026-04-30 18:41:35.954,2026-04-30 18:41:36.264,True,2026-04-30T18:41:36.088000Z,0.384,7,"ar_p,aic,baer,aic,baer,aic,baer","ZNE,Z,Z,N,N,E,E",2026-04-30T18:41:36.082000Z,2026-04-30T18:41:36.088000Z,0.3779999911785126,0.3840000033378601
20,node3,2026-04-30 18:41:35.954,2026-04-30 18:41:36.264,True,2026-04-30T18:41:36.096000Z,0.392,7,"ar_p,baer,baer,aic,aic,aic,baer","ZNE,Z,N,Z,N,E,E",2026-04-30T18:41:36.080000Z,2026-04-30T18:41:36.094000Z,0.37599998712539673,0.38999998569488525
20,node4,2026-04-30 18:41:35.954,2026-04-30 18:41:36.264,True,2026-04-30T18:41:36.100000Z,0.396,7,"ar_p,aic,aic,baer,baer,aic,baer","ZNE,Z,N,Z,N,E,E",2026-04-30T18:41:36.086000Z,2026-04-30T18:41:36.098000Z,0.38199999928474426,0.39399999380111694
20,node5,2026-04-30 18:41:35.954,2026-04-30 18:41:36.264,True,2026-04-30T18:41:36.104000Z,0.4,7,"ar_p,aic,baer,aic,baer,aic,baer","ZNE,Z,Z,N,N,E,E",2026-04-30T18:41:36.090000Z,2026-04-30T18:41:36.118000Z,0.38600000739097595,0.414000004529953
20,node6,2026-04-30 18:41:35.954,2026-04-30 18:41:36.264,True,2026-04-30T18:41:36.108000Z,0.404,6,"aic,aic,baer,baer,baer,aic","Z,N,Z,N,E,E",2026-04-30T18:41:36.092000Z,2026-04-30T18:41:36.114000Z,0.3880000114440918,0.4099999964237213
21,node1,2026-04-30 18:42:05.006,2026-04-30 18:42:05.636,True,2026-04-30T18:42:05.469000Z,0.713,4,"ar_p,aic,aic,aic","ZNE,E,Z,N",2026-04-30T18:42:05.458000Z,2026-04-30T18:42:05.468000Z,0.7020000219345093,0.7120000123977661
21,node2,2026-04-30 18:42:05.006,2026-04-30 18:42:05.636,True,2026-04-30T18:42:05.478000Z,0.722,5,"ar_p,aic,aic,aic,baer","ZNE,N,E,Z,N",2026-04-30T18:42:05.466000Z,2026-04-30T18:42:05.478000Z,0.7099999785423279,0.722000002861023
21,node3,2026-04-30 18:42:05.006,2026-04-30 18:42:05.636,True,2026-04-30T18:42:05.486000Z,0.73,5,"ar_p,aic,aic,aic,baer","ZNE,Z,N,E,N",2026-04-30T18:42:05.472000Z,2026-04-30T18:42:05.484000Z,0.7160000205039978,0.7279999852180481
21,node4,2026-04-30 18:42:05.006,2026-04-30 18:42:05.636,True,2026-04-30T18:42:05.486000Z,0.73,5,"ar_p,aic,aic,baer,aic","ZNE,Z,N,Z,E",2026-04-30T18:42:05.474000Z,2026-04-30T18:42:05.486000Z,0.7179999947547913,0.7300000190734863
21,node5,2026-04-30 18:42:05.006,2026-04-30 18:42:05.636,True,2026-04-30T18:42:05.492000Z,0.736,4,"ar_p,aic,aic,aic","ZNE,Z,N,E",2026-04-30T18:42:05.480000Z,2026-04-30T18:42:05.508000Z,0.7239999771118164,0.7519999742507935
21,node6,2026-04-30 18:42:05.006,2026-04-30 18:42:05.636,True,2026-04-30T18:42:05.493000Z,0.737,4,"ar_p,aic,aic,aic","ZNE,Z,N,E",2026-04-30T18:42:05.482000Z,2026-04-30T18:42:05.502000Z,0.7260000109672546,0.7459999918937683
22,node1,2026-04-30 18:42:05.078,2026-04-30 18:42:05.638,True,2026-04-30T18:42:05.469000Z,0.641,4,"ar_p,aic,aic,aic","ZNE,E,Z,N",2026-04-30T18:42:05.458000Z,2026-04-30T18:42:05.468000Z,0.6299999952316284,0.6399999856948853
22,node2,2026-04-30 18:42:05.078,2026-04-30 18:42:05.638,True,2026-04-30T18:42:05.477000Z,0.649,4,"ar_p,aic,aic,aic","ZNE,N,E,Z",2026-04-30T18:42:05.466000Z,2026-04-30T18:42:05.478000Z,0.6380000114440918,0.6499999761581421
22,node3,2026-04-30 18:42:05.078,2026-04-30 18:42:05.638,True,2026-04-30T18:42:05.485000Z,0.657,4,"ar_p,aic,aic,aic","ZNE,Z,N,E",2026-04-30T18:42:05.472000Z,2026-04-30T18:42:05.484000Z,0.6439999938011169,0.656000018119812
22,node4,2026-04-30 18:42:05.078,2026-04-30 18:42:05.638,True,2026-04-30T18:42:05.486000Z,0.658,5,"ar_p,aic,aic,baer,aic","ZNE,Z,N,Z,E",2026-04-30T18:42:05.474000Z,2026-04-30T18:42:05.486000Z,0.6460000276565552,0.6579999923706055
22,node5,2026-04-30 18:42:05.078,2026-04-30 18:42:05.638,True,2026-04-30T18:42:05.494000Z,0.666,5,"ar_p,aic,baer,aic,aic","ZNE,Z,Z,N,E",2026-04-30T18:42:05.480000Z,2026-04-30T18:42:05.508000Z,0.6520000100135803,0.6800000071525574
22,node6,2026-04-30 18:42:05.078,2026-04-30 18:42:05.638,True,2026-04-30T18:42:05.492000Z,0.664,3,"ar_p,aic,aic","ZNE,Z,N",2026-04-30T18:42:05.482000Z,2026-04-30T18:42:05.502000Z,0.6539999842643738,0.6740000247955322
23,node1,2026-04-30 18:42:14.386,2026-04-30 18:42:14.560,True,2026-04-30T18:42:14.387000Z,0.251,4,"ar_p,aic,baer,aic","ZNE,N,N,Z",2026-04-30T18:42:14.380000Z,2026-04-30T18:42:14.390000Z,0.24400000274181366,0.2540000081062317
23,node2,2026-04-30 18:42:14.386,2026-04-30 18:42:14.560,True,2026-04-30T18:42:14.404000Z,0.268,6,"ar_p,aic,aic,aic,baer,baer","ZNE,N,E,Z,E,Z",2026-04-30T18:42:14.394000Z,2026-04-30T18:42:14.406000Z,0.257999986410141,0.27000001072883606
23,node3,2026-04-30 18:42:14.386,2026-04-30 18:42:14.560,True,2026-04-30T18:42:14.408000Z,0.272,7,"aic,aic,ar_p,baer,baer,aic,baer","N,Z,ZNE,Z,N,E,E",2026-04-30T18:42:14.406000Z,2026-04-30T18:42:14.404000Z,0.27000001072883606,0.2680000066757202
23,node4,2026-04-30 18:42:14.386,2026-04-30 18:42:14.560,True,2026-04-30T18:42:14.414000Z,0.278,5,"ar_p,aic,baer,aic,baer","ZNE,N,N,Z,Z",2026-04-30T18:42:14.408000Z,2026-04-30T18:42:14.408000Z,0.2720000147819519,0.2720000147819519
23,node5,2026-04-30 18:42:14.386,2026-04-30 18:42:14.560,True,2026-04-30T18:42:14.424000Z,0.288,5,"ar_p,aic,aic,baer,baer","ZNE,N,Z,Z,E",2026-04-30T18:42:14.414000Z,2026-04-30T18:42:14.136000Z,0.27799999713897705,0.0
23,node6,2026-04-30 18:42:14.386,2026-04-30 18:42:14.560,True,2026-04-30T18:42:14.421000Z,0.285,6,"baer,ar_p,aic,baer,aic,aic","Z,ZNE,N,N,Z,E",2026-04-30T18:42:14.418000Z,2026-04-30T18:42:14.440000Z,0.28200000524520874,0.30399999022483826
24,node1,2026-04-30 18:42:34.656,2026-04-30 18:42:34.952,True,2026-04-30T18:42:34.780000Z,0.374,6,"baer,ar_p,aic,baer,aic,aic","N,ZNE,N,E,Z,E",2026-04-30T18:42:34.774000Z,2026-04-30T18:42:34.780000Z,0.36800000071525574,0.37400001287460327
24,node2,2026-04-30 18:42:34.656,2026-04-30 18:42:34.952,True,2026-04-30T18:42:34.791000Z,0.385,6,"ar_p,aic,aic,aic,baer,baer","ZNE,Z,N,E,E,N",2026-04-30T18:42:34.782000Z,2026-04-30T18:42:34.788000Z,0.37599998712539673,0.38199999928474426
24,node3,2026-04-30 18:42:34.656,2026-04-30 18:42:34.952,True,2026-04-30T18:42:34.796000Z,0.39,7,"ar_p,baer,aic,aic,baer,aic,baer","ZNE,Z,Z,N,N,E,E",2026-04-30T18:42:34.784000Z,2026-04-30T18:42:34.798000Z,0.3779999911785126,0.3919999897480011
24,node4,2026-04-30 18:42:34.656,2026-04-30 18:42:34.952,True,2026-04-30T18:42:34.798000Z,0.392,5,"ar_p,aic,aic,baer,aic","ZNE,Z,N,Z,E",2026-04-30T18:42:34.786000Z,2026-04-30T18:42:34.804000Z,0.3799999952316284,0.39800000190734863
24,node5,2026-04-30 18:42:34.656,2026-04-30 18:42:34.952,True,2026-04-30T18:42:34.800000Z,0.394,5,"ar_p,baer,aic,aic,baer","ZNE,Z,Z,N,N",2026-04-30T18:42:34.790000Z,2026-04-30T18:42:34.820000Z,0.3840000033378601,0.414000004529953
24,node6,2026-04-30 18:42:34.656,2026-04-30 18:42:34.952,True,2026-04-30T18:42:34.805000Z,0.399,4,"ar_p,aic,aic,baer","ZNE,Z,N,E",2026-04-30T18:42:34.794000Z,2026-04-30T18:42:34.406000Z,0.3880000114440918,0.0
26,node1,2026-04-30 18:43:17.132,2026-04-30 18:43:17.620,True,2026-04-30T18:43:17.470000Z,0.588,4,"ar_p,aic,aic,aic","ZNE,N,Z,E",2026-04-30T18:43:17.464000Z,2026-04-30T18:43:17.472000Z,0.5820000171661377,0.5899999737739563
26,node2,2026-04-30 18:43:17.132,2026-04-30 18:43:17.620,True,2026-04-30T18:43:17.480000Z,0.598,5,"ar_p,baer,aic,aic,aic","ZNE,E,N,Z,E",2026-04-30T18:43:17.470000Z,2026-04-30T18:43:17.480000Z,0.5879999995231628,0.5979999899864197
26,node3,2026-04-30 18:43:17.132,2026-04-30 18:43:17.620,True,2026-04-30T18:43:17.488000Z,0.606,5,"ar_p,aic,aic,aic,baer","ZNE,Z,N,E,E",2026-04-30T18:43:17.476000Z,2026-04-30T18:43:17.488000Z,0.593999981880188,0.6060000061988831
26,node4,2026-04-30 18:43:17.132,2026-04-30 18:43:17.620,True,2026-04-30T18:43:17.491000Z,0.609,4,"ar_p,aic,aic,aic","ZNE,Z,N,E",2026-04-30T18:43:17.480000Z,2026-04-30T18:43:17.490000Z,0.5979999899864197,0.6079999804496765
26,node5,2026-04-30 18:43:17.132,2026-04-30 18:43:17.620,True,2026-04-30T18:43:17.496000Z,0.614,3,"ar_p,aic,aic","ZNE,Z,N",2026-04-30T18:43:17.482000Z,2026-04-30T18:43:17.506000Z,0.6000000238418579,0.6240000128746033
26,node6,2026-04-30 18:43:17.132,2026-04-30 18:43:17.620,True,2026-04-30T18:43:17.499000Z,0.617,4,"ar_p,aic,aic,aic","ZNE,Z,N,E",2026-04-30T18:43:17.486000Z,2026-04-30T18:43:17.508000Z,0.6039999723434448,0.6259999871253967
27,node1,2026-04-30 18:43:17.142,2026-04-30 18:43:17.640,True,2026-04-30T18:43:17.470000Z,0.578,4,"ar_p,aic,aic,aic","ZNE,N,Z,E",2026-04-30T18:43:17.464000Z,2026-04-30T18:43:17.472000Z,0.5720000267028809,0.5799999833106995
27,node2,2026-04-30 18:43:17.142,2026-04-30 18:43:17.640,True,2026-04-30T18:43:17.481000Z,0.589,4,"ar_p,aic,aic,aic","ZNE,N,Z,E",2026-04-30T18:43:17.470000Z,2026-04-30T18:43:17.480000Z,0.578000009059906,0.5879999995231628
27,node3,2026-04-30 18:43:17.142,2026-04-30 18:43:17.640,True,2026-04-30T18:43:17.488000Z,0.596,4,"ar_p,aic,aic,aic","ZNE,Z,N,E",2026-04-30T18:43:17.476000Z,2026-04-30T18:43:17.488000Z,0.5839999914169312,0.5960000157356262
27,node4,2026-04-30 18:43:17.142,2026-04-30 18:43:17.640,True,2026-04-30T18:43:17.491000Z,0.599,4,"ar_p,aic,aic,aic","ZNE,Z,N,E",2026-04-30T18:43:17.480000Z,2026-04-30T18:43:17.490000Z,0.5879999995231628,0.5979999899864197
27,node5,2026-04-30 18:43:17.142,2026-04-30 18:43:17.640,True,2026-04-30T18:43:17.496000Z,0.604,3,"ar_p,aic,aic","ZNE,Z,N",2026-04-30T18:43:17.482000Z,2026-04-30T18:43:17.506000Z,0.5899999737739563,0.6140000224113464
27,node6,2026-04-30 18:43:17.142,2026-04-30 18:43:17.640,True,2026-04-30T18:43:17.499000Z,0.607,4,"ar_p,aic,aic,aic","ZNE,Z,N,E",2026-04-30T18:43:17.486000Z,2026-04-30T18:43:17.508000Z,0.593999981880188,0.6159999966621399
28,node1,2026-04-30 18:43:38.352,2026-04-30 18:43:38.672,True,2026-04-30T18:43:38.581000Z,0.479,4,"ar_p,aic,aic,aic","ZNE,Z,N,E",2026-04-30T18:43:38.576000Z,2026-04-30T18:43:38.580000Z,0.4740000069141388,0.4779999852180481
28,node2,2026-04-30 18:43:38.352,2026-04-30 18:43:38.672,True,2026-04-30T18:43:38.590000Z,0.488,4,"ar_p,aic,aic,aic","ZNE,Z,N,E",2026-04-30T18:43:38.582000Z,2026-04-30T18:43:38.592000Z,0.47999998927116394,0.49000000953674316
28,node3,2026-04-30 18:43:38.352,2026-04-30 18:43:38.672,True,2026-04-30T18:43:38.598000Z,0.496,4,"ar_p,aic,aic,aic","ZNE,Z,N,E",2026-04-30T18:43:38.586000Z,2026-04-30T18:43:38.598000Z,0.48399999737739563,0.4959999918937683
28,node4,2026-04-30 18:43:38.352,2026-04-30 18:43:38.672,True,2026-04-30T18:43:38.600000Z,0.498,4,"ar_p,aic,aic,aic","ZNE,Z,N,E",2026-04-30T18:43:38.588000Z,2026-04-30T18:43:38.610000Z,0.4860000014305115,0.5080000162124634
28,node5,2026-04-30 18:43:38.352,2026-04-30 18:43:38.672,True,2026-04-30T18:43:38.602000Z,0.5,3,"ar_p,aic,aic","ZNE,Z,N",2026-04-30T18:43:38.592000Z,2026-04-30T18:43:38.624000Z,0.49000000953674316,0.5220000147819519
28,node6,2026-04-30 18:43:38.352,2026-04-30 18:43:38.672,True,2026-04-30T18:43:38.606000Z,0.504,3,"ar_p,aic,aic","ZNE,Z,N",2026-04-30T18:43:38.596000Z,2026-04-30T18:43:38.622000Z,0.49399998784065247,0.5199999809265137
29,node1,2026-04-30 18:43:38.416,2026-04-30 18:43:38.710,True,2026-04-30T18:43:38.581000Z,0.415,4,"ar_p,aic,aic,aic","ZNE,Z,N,E",2026-04-30T18:43:38.576000Z,2026-04-30T18:43:38.580000Z,0.4099999964237213,0.414000004529953
29,node2,2026-04-30 18:43:38.416,2026-04-30 18:43:38.710,True,2026-04-30T18:43:38.590000Z,0.424,4,"ar_p,aic,aic,aic","ZNE,Z,N,E",2026-04-30T18:43:38.582000Z,2026-04-30T18:43:38.594000Z,0.41600000858306885,0.42800000309944153
29,node3,2026-04-30 18:43:38.416,2026-04-30 18:43:38.710,True,2026-04-30T18:43:38.598000Z,0.432,4,"ar_p,aic,aic,aic","ZNE,Z,N,E",2026-04-30T18:43:38.586000Z,2026-04-30T18:43:38.598000Z,0.41999998688697815,0.4320000112056732
29,node4,2026-04-30 18:43:38.416,2026-04-30 18:43:38.710,True,2026-04-30T18:43:38.600000Z,0.434,4,"ar_p,aic,aic,aic","ZNE,Z,N,E",2026-04-30T18:43:38.588000Z,2026-04-30T18:43:38.610000Z,0.421999990940094,0.4440000057220459
29,node5,2026-04-30 18:43:38.416,2026-04-30 18:43:38.710,True,2026-04-30T18:43:38.602000Z,0.436,3,"ar_p,aic,aic","ZNE,Z,N",2026-04-30T18:43:38.592000Z,2026-04-30T18:43:38.624000Z,0.4259999990463257,0.4580000042915344
29,node6,2026-04-30 18:43:38.416,2026-04-30 18:43:38.710,True,2026-04-30T18:43:38.606000Z,0.44,3,"ar_p,aic,aic","ZNE,Z,N",2026-04-30T18:43:38.596000Z,2026-04-30T18:43:38.622000Z,0.4300000071525574,0.4560000002384186
30,node1,2026-04-30 18:43:38.428,2026-04-30 18:43:38.748,True,2026-04-30T18:43:38.581000Z,0.403,4,"ar_p,aic,aic,aic","ZNE,Z,N,E",2026-04-30T18:43:38.576000Z,2026-04-30T18:43:38.580000Z,0.39800000190734863,0.4020000100135803
30,node2,2026-04-30 18:43:38.428,2026-04-30 18:43:38.748,True,2026-04-30T18:43:38.590000Z,0.412,4,"ar_p,aic,aic,aic","ZNE,Z,N,E",2026-04-30T18:43:38.582000Z,2026-04-30T18:43:38.594000Z,0.40400001406669617,0.41600000858306885
30,node3,2026-04-30 18:43:38.428,2026-04-30 18:43:38.748,True,2026-04-30T18:43:38.598000Z,0.42,4,"ar_p,aic,aic,aic","ZNE,Z,N,E",2026-04-30T18:43:38.586000Z,2026-04-30T18:43:38.598000Z,0.40799999237060547,0.41999998688697815
30,node4,2026-04-30 18:43:38.428,2026-04-30 18:43:38.748,True,2026-04-30T18:43:38.600000Z,0.422,4,"ar_p,aic,aic,aic","ZNE,Z,N,E",2026-04-30T18:43:38.588000Z,2026-04-30T18:43:38.610000Z,0.4099999964237213,0.4320000112056732
30,node5,2026-04-30 18:43:38.428,2026-04-30 18:43:38.748,True,2026-04-30T18:43:38.602000Z,0.424,3,"ar_p,aic,aic","ZNE,Z,N",2026-04-30T18:43:38.592000Z,2026-04-30T18:43:38.624000Z,0.414000004529953,0.44600000977516174
30,node6,2026-04-30 18:43:38.428,2026-04-30 18:43:38.748,True,2026-04-30T18:43:38.606000Z,0.428,3,"ar_p,aic,aic","ZNE,Z,N",2026-04-30T18:43:38.596000Z,2026-04-30T18:43:38.622000Z,0.4180000126361847,0.4440000057220459
31,node1,2026-04-30 18:43:38.542,2026-04-30 18:43:38.752,True,2026-04-30T18:43:38.582000Z,0.29,4,"ar_p,aic,aic,aic","ZNE,N,E,Z",2026-04-30T18:43:38.576000Z,2026-04-30T18:43:38.580000Z,0.2840000092983246,0.2879999876022339
31,node2,2026-04-30 18:43:38.542,2026-04-30 18:43:38.752,True,2026-04-30T18:43:38.590000Z,0.298,4,"ar_p,aic,aic,aic","ZNE,Z,N,E",2026-04-30T18:43:38.582000Z,2026-04-30T18:43:38.594000Z,0.28999999165534973,0.3019999861717224
31,node3,2026-04-30 18:43:38.542,2026-04-30 18:43:38.752,True,2026-04-30T18:43:38.598000Z,0.306,5,"ar_p,aic,baer,aic,aic","ZNE,Z,Z,N,E",2026-04-30T18:43:38.586000Z,2026-04-30T18:43:38.598000Z,0.2939999997615814,0.3059999942779541
31,node4,2026-04-30 18:43:38.542,2026-04-30 18:43:38.752,True,2026-04-30T18:43:38.600000Z,0.308,4,"ar_p,aic,aic,aic","ZNE,Z,N,E",2026-04-30T18:43:38.588000Z,2026-04-30T18:43:38.610000Z,0.29600000381469727,0.3179999887943268
31,node5,2026-04-30 18:43:38.542,2026-04-30 18:43:38.752,True,2026-04-30T18:43:38.604000Z,0.312,3,"ar_p,aic,aic","ZNE,Z,N",2026-04-30T18:43:38.592000Z,2026-04-30T18:43:38.624000Z,0.30000001192092896,0.3319999873638153
31,node6,2026-04-30 18:43:38.542,2026-04-30 18:43:38.752,True,2026-04-30T18:43:38.606000Z,0.314,3,"ar_p,aic,aic","ZNE,Z,N",2026-04-30T18:43:38.596000Z,2026-04-30T18:43:38.622000Z,0.30399999022483826,0.33000001311302185
32,node1,2026-04-30 18:43:53.838,2026-04-30 18:43:54.118,True,2026-04-30T18:43:53.980000Z,0.392,5,"ar_p,aic,aic,aic,baer","ZNE,N,Z,E,E",2026-04-30T18:43:53.968000Z,2026-04-30T18:43:53.976000Z,0.3799999952316284,0.3880000114440918
32,node2,2026-04-30 18:43:53.838,2026-04-30 18:43:54.118,True,2026-04-30T18:43:53.987000Z,0.399,4,"ar_p,aic,aic,aic","ZNE,Z,N,E",2026-04-30T18:43:53.980000Z,2026-04-30T18:43:53.986000Z,0.3919999897480011,0.39800000190734863
32,node3,2026-04-30 18:43:53.838,2026-04-30 18:43:54.118,True,2026-04-30T18:43:53.994000Z,0.406,5,"ar_p,baer,aic,aic,aic","ZNE,Z,Z,N,E",2026-04-30T18:43:53.984000Z,2026-04-30T18:43:54.002000Z,0.3959999978542328,0.414000004529953
32,node4,2026-04-30 18:43:53.838,2026-04-30 18:43:54.118,True,2026-04-30T18:43:53.998000Z,0.41,4,"ar_p,aic,aic,aic","ZNE,Z,N,E",2026-04-30T18:43:53.994000Z,2026-04-30T18:43:54.022000Z,0.4059999883174896,0.4339999854564667
32,node5,2026-04-30 18:43:53.838,2026-04-30 18:43:54.118,True,2026-04-30T18:43:54.004000Z,0.416,3,"aic,aic,aic","Z,N,E",2026-04-30T18:43:53.640000Z,2026-04-30T18:43:53.588000Z,0.052000001072883606,0.0
32,node6,2026-04-30 18:43:53.838,2026-04-30 18:43:54.118,True,2026-04-30T18:43:54.019000Z,0.431,4,"aic,ar_p,aic,aic","N,ZNE,Z,E",2026-04-30T18:43:54.018000Z,2026-04-30T18:43:54.050000Z,0.4300000071525574,0.4620000123977661
33,node1,2026-04-30 18:43:53.838,2026-04-30 18:43:54.126,True,2026-04-30T18:43:53.979000Z,0.391,6,"ar_p,baer,aic,aic,aic,baer","ZNE,N,N,Z,E,E",2026-04-30T18:43:53.968000Z,2026-04-30T18:43:53.976000Z,0.3799999952316284,0.3880000114440918
33,node2,2026-04-30 18:43:53.838,2026-04-30 18:43:54.126,True,2026-04-30T18:43:53.987000Z,0.399,4,"ar_p,aic,aic,aic","ZNE,Z,N,E",2026-04-30T18:43:53.980000Z,2026-04-30T18:43:53.986000Z,0.3919999897480011,0.39800000190734863
33,node3,2026-04-30 18:43:53.838,2026-04-30 18:43:54.126,True,2026-04-30T18:43:53.994000Z,0.406,5,"ar_p,baer,aic,aic,aic","ZNE,Z,Z,N,E",2026-04-30T18:43:53.984000Z,2026-04-30T18:43:54.002000Z,0.3959999978542328,0.414000004529953
33,node4,2026-04-30 18:43:53.838,2026-04-30 18:43:54.126,True,2026-04-30T18:43:53.998000Z,0.41,4,"ar_p,aic,aic,aic","ZNE,Z,N,E",2026-04-30T18:43:53.994000Z,2026-04-30T18:43:54.022000Z,0.4059999883174896,0.4339999854564667
33,node5,2026-04-30 18:43:53.838,2026-04-30 18:43:54.126,True,2026-04-30T18:43:54.004000Z,0.416,3,"aic,aic,aic","Z,N,E",2026-04-30T18:43:53.640000Z,2026-04-30T18:43:53.588000Z,0.052000001072883606,0.0
33,node6,2026-04-30 18:43:53.838,2026-04-30 18:43:54.126,True,2026-04-30T18:43:54.019000Z,0.431,4,"aic,ar_p,aic,aic","N,ZNE,Z,E",2026-04-30T18:43:54.018000Z,2026-04-30T18:43:54.050000Z,0.4300000071525574,0.4620000123977661
34,node1,2026-04-30 18:43:53.850,2026-04-30 18:43:54.134,True,2026-04-30T18:43:53.980000Z,0.38,5,"ar_p,aic,aic,aic,baer","ZNE,N,Z,E,E",2026-04-30T18:43:53.968000Z,2026-04-30T18:43:53.976000Z,0.36800000071525574,0.37599998712539673
34,node2,2026-04-30 18:43:53.850,2026-04-30 18:43:54.134,True,2026-04-30T18:43:53.988000Z,0.388,5,"ar_p,aic,aic,aic,baer","ZNE,Z,N,E,Z",2026-04-30T18:43:53.980000Z,2026-04-30T18:43:53.986000Z,0.3799999952316284,0.38600000739097595
34,node3,2026-04-30 18:43:53.850,2026-04-30 18:43:54.134,True,2026-04-30T18:43:53.994000Z,0.394,5,"ar_p,baer,aic,aic,aic","ZNE,Z,Z,N,E",2026-04-30T18:43:53.984000Z,2026-04-30T18:43:54.002000Z,0.3840000033378601,0.4020000100135803
34,node4,2026-04-30 18:43:53.850,2026-04-30 18:43:54.134,True,2026-04-30T18:43:53.998000Z,0.398,4,"ar_p,aic,aic,aic","ZNE,Z,N,E",2026-04-30T18:43:53.994000Z,2026-04-30T18:43:54.022000Z,0.39399999380111694,0.421999990940094
34,node5,2026-04-30 18:43:53.850,2026-04-30 18:43:54.134,True,2026-04-30T18:43:53.860000Z,0.26,3,"baer,baer,baer","E,Z,N",2026-04-30T18:43:53.610000Z,2026-04-30T18:43:53.600000Z,0.009999999776482582,0.0
34,node6,2026-04-30 18:43:53.850,2026-04-30 18:43:54.134,True,2026-04-30T18:43:54.019000Z,0.419,4,"aic,ar_p,aic,aic","N,ZNE,Z,E",2026-04-30T18:43:54.018000Z,2026-04-30T18:43:54.046000Z,0.4180000126361847,0.44600000977516174
35,node1,2026-04-30 18:44:56.086,2026-04-30 18:44:56.274,True,2026-04-30T18:44:56.089000Z,0.253,6,"ar_p,aic,baer,aic,baer,aic","ZNE,N,N,Z,Z,E",2026-04-30T18:44:56.078000Z,2026-04-30T18:44:55.836000Z,0.24199999868869781,0.0
35,node2,2026-04-30 18:44:56.086,2026-04-30 18:44:56.274,True,2026-04-30T18:44:56.108000Z,0.272,6,"baer,baer,aic,aic,baer,aic","N,Z,Z,N,E,E",2026-04-30T18:44:56.212000Z,2026-04-30T18:44:56.218000Z,0.37599998712539673,0.38199999928474426
35,node3,2026-04-30 18:44:56.086,2026-04-30 18:44:56.274,True,2026-04-30T18:44:56.116000Z,0.28,3,"aic,aic,aic","Z,N,E",2026-04-30T18:44:56.214000Z,2026-04-30T18:44:56.230000Z,0.3779999911785126,0.39399999380111694
35,node4,2026-04-30 18:44:56.086,2026-04-30 18:44:56.274,True,2026-04-30T18:44:56.230000Z,0.394,3,"ar_p,aic,aic","ZNE,N,E",2026-04-30T18:44:56.218000Z,2026-04-30T18:44:56.228000Z,0.38199999928474426,0.3919999897480011
35,node5,2026-04-30 18:44:56.086,2026-04-30 18:44:56.274,True,2026-04-30T18:44:56.154000Z,0.318,3,"baer,aic,baer","N,Z,E",2026-04-30T18:44:56.218000Z,2026-04-30T18:44:56.252000Z,0.38199999928474426,0.41600000858306885
35,node6,2026-04-30 18:44:56.086,2026-04-30 18:44:56.274,True,2026-04-30T18:44:56.247000Z,0.411,2,"aic,aic","N,E",2026-04-30T18:44:56.224000Z,2026-04-30T18:44:56.250000Z,0.3880000114440918,0.414000004529953
36,node1,2026-04-30 18:44:56.092,2026-04-30 18:44:56.276,True,2026-04-30T18:44:56.090000Z,0.248,7,"ar_p,aic,baer,aic,baer,aic,baer","ZNE,N,N,Z,Z,E,E",2026-04-30T18:44:56.078000Z,2026-04-30T18:44:55.842000Z,0.23600000143051147,0.0
36,node2,2026-04-30 18:44:56.092,2026-04-30 18:44:56.276,True,2026-04-30T18:44:56.110000Z,0.268,5,"baer,aic,aic,baer,aic","N,Z,N,E,E",2026-04-30T18:44:56.212000Z,2026-04-30T18:44:56.218000Z,0.3700000047683716,0.37599998712539673
36,node3,2026-04-30 18:44:56.092,2026-04-30 18:44:56.276,True,2026-04-30T18:44:56.116000Z,0.274,3,"aic,aic,aic","Z,N,E",2026-04-30T18:44:56.214000Z,2026-04-30T18:44:56.230000Z,0.3720000088214874,0.3880000114440918
36,node4,2026-04-30 18:44:56.092,2026-04-30 18:44:56.276,True,2026-04-30T18:44:56.134000Z,0.292,3,"baer,aic,baer","Z,Z,E",2026-04-30T18:44:56.218000Z,2026-04-30T18:44:56.228000Z,0.37599998712539673,0.38600000739097595
36,node5,2026-04-30 18:44:56.092,2026-04-30 18:44:56.276,True,2026-04-30T18:44:56.154000Z,0.312,3,"baer,aic,baer","N,Z,E",2026-04-30T18:44:56.218000Z,2026-04-30T18:44:56.252000Z,0.37599998712539673,0.4099999964237213
36,node6,2026-04-30 18:44:56.092,2026-04-30 18:44:56.276,True,2026-04-30T18:44:56.146000Z,0.304,2,"aic,baer","Z,Z",2026-04-30T18:44:56.224000Z,2026-04-30T18:44:56.250000Z,0.38199999928474426,0.40799999237060547
37,node1,2026-04-30 18:44:56.110,2026-04-30 18:44:56.282,True,2026-04-30T18:44:56.088000Z,0.228,5,"ar_p,aic,baer,aic,aic","ZNE,N,N,Z,E",2026-04-30T18:44:56.078000Z,2026-04-30T18:44:55.860000Z,0.21799999475479126,0.0
37,node2,2026-04-30 18:44:56.110,2026-04-30 18:44:56.282,True,2026-04-30T18:44:55.894000Z,0.034,3,"baer,baer,baer","Z,E,N",2026-04-30T18:44:56.212000Z,2026-04-30T18:44:56.218000Z,0.35199999809265137,0.3580000102519989
37,node3,2026-04-30 18:44:56.110,2026-04-30 18:44:56.282,True,2026-04-30T18:44:56.116000Z,0.256,3,"aic,aic,aic","Z,N,E",2026-04-30T18:44:56.214000Z,2026-04-30T18:44:56.230000Z,0.3540000021457672,0.3700000047683716
37,node4,2026-04-30 18:44:56.110,2026-04-30 18:44:56.282,True,2026-04-30T18:44:56.134000Z,0.274,3,"baer,aic,baer","Z,Z,E",2026-04-30T18:44:56.218000Z,2026-04-30T18:44:56.228000Z,0.3580000102519989,0.36800000071525574
37,node5,2026-04-30 18:44:56.110,2026-04-30 18:44:56.282,True,2026-04-30T18:44:56.146000Z,0.286,4,"baer,baer,aic,baer","N,Z,Z,E",2026-04-30T18:44:56.218000Z,2026-04-30T18:44:56.252000Z,0.3580000102519989,0.3919999897480011
37,node6,2026-04-30 18:44:56.110,2026-04-30 18:44:56.282,True,2026-04-30T18:44:56.246000Z,0.386,3,"aic,aic,aic","Z,N,E",2026-04-30T18:44:56.224000Z,2026-04-30T18:44:56.250000Z,0.36399999260902405,0.38999998569488525
38,node1,2026-04-30 18:44:56.116,2026-04-30 18:44:56.290,True,2026-04-30T18:44:56.089000Z,0.223,6,"ar_p,aic,baer,aic,baer,aic","ZNE,N,N,Z,Z,E",2026-04-30T18:44:56.078000Z,2026-04-30T18:44:55.866000Z,0.21199999749660492,0.0
38,node2,2026-04-30 18:44:56.116,2026-04-30 18:44:56.290,True,2026-04-30T18:44:55.894000Z,0.028,3,"baer,baer,baer","Z,E,N",2026-04-30T18:44:56.212000Z,2026-04-30T18:44:56.218000Z,0.34599998593330383,0.35199999809265137
38,node3,2026-04-30 18:44:56.116,2026-04-30 18:44:56.290,True,2026-04-30T18:44:56.116000Z,0.25,3,"aic,aic,aic","Z,N,E",2026-04-30T18:44:56.214000Z,2026-04-30T18:44:56.230000Z,0.3479999899864197,0.36399999260902405
38,node4,2026-04-30 18:44:56.116,2026-04-30 18:44:56.290,True,2026-04-30T18:44:56.134000Z,0.268,3,"baer,aic,baer","Z,Z,E",2026-04-30T18:44:56.218000Z,2026-04-30T18:44:56.228000Z,0.35199999809265137,0.3619999885559082
38,node5,2026-04-30 18:44:56.116,2026-04-30 18:44:56.290,True,2026-04-30T18:44:56.154000Z,0.288,3,"baer,aic,baer","Z,Z,E",2026-04-30T18:44:56.218000Z,2026-04-30T18:44:56.252000Z,0.35199999809265137,0.38600000739097595
38,node6,2026-04-30 18:44:56.116,2026-04-30 18:44:56.290,True,2026-04-30T18:44:56.246000Z,0.38,3,"aic,aic,aic","Z,N,E",2026-04-30T18:44:56.224000Z,2026-04-30T18:44:56.250000Z,0.3580000102519989,0.3840000033378601
39,node1,2026-04-30 18:44:56.124,2026-04-30 18:44:56.298,True,2026-04-30T18:44:56.090000Z,0.216,7,"ar_p,aic,baer,aic,baer,baer,aic","ZNE,N,N,Z,E,Z,E",2026-04-30T18:44:56.078000Z,2026-04-30T18:44:55.874000Z,0.20399999618530273,0.0
39,node2,2026-04-30 18:44:56.124,2026-04-30 18:44:56.298,True,2026-04-30T18:44:56.110000Z,0.236,4,"baer,aic,aic,aic","Z,Z,N,E",2026-04-30T18:44:56.212000Z,2026-04-30T18:44:56.218000Z,0.33799999952316284,0.3440000116825104
39,node3,2026-04-30 18:44:56.124,2026-04-30 18:44:56.298,True,2026-04-30T18:44:56.116000Z,0.242,4,"aic,baer,aic,aic","Z,Z,N,E",2026-04-30T18:44:56.214000Z,2026-04-30T18:44:56.230000Z,0.3400000035762787,0.35600000619888306
39,node4,2026-04-30 18:44:56.124,2026-04-30 18:44:56.298,True,2026-04-30T18:44:56.134000Z,0.26,3,"baer,aic,baer","Z,Z,E",2026-04-30T18:44:56.218000Z,2026-04-30T18:44:56.228000Z,0.3440000116825104,0.3540000021457672
39,node5,2026-04-30 18:44:56.124,2026-04-30 18:44:56.298,True,2026-04-30T18:44:56.150000Z,0.276,4,"baer,baer,aic,baer","N,Z,Z,E",2026-04-30T18:44:56.218000Z,2026-04-30T18:44:56.252000Z,0.3440000116825104,0.3779999911785126
39,node6,2026-04-30 18:44:56.124,2026-04-30 18:44:56.298,True,2026-04-30T18:44:56.242000Z,0.368,4,"aic,baer,aic,aic","Z,Z,N,E",2026-04-30T18:44:56.224000Z,2026-04-30T18:44:56.250000Z,0.3499999940395355,0.37599998712539673
40,node1,2026-04-30 18:44:56.126,2026-04-30 18:44:56.302,True,2026-04-30T18:44:56.090000Z,0.214,7,"ar_p,aic,baer,aic,baer,baer,aic","ZNE,N,N,Z,E,Z,E",2026-04-30T18:44:56.078000Z,2026-04-30T18:44:55.876000Z,0.20200000703334808,0.0
40,node2,2026-04-30 18:44:56.126,2026-04-30 18:44:56.302,True,2026-04-30T18:44:56.110000Z,0.234,4,"baer,aic,aic,aic","Z,Z,N,E",2026-04-30T18:44:56.212000Z,2026-04-30T18:44:56.218000Z,0.335999995470047,0.34200000762939453
40,node3,2026-04-30 18:44:56.126,2026-04-30 18:44:56.302,True,2026-04-30T18:44:56.116000Z,0.24,4,"aic,baer,aic,aic","Z,Z,N,E",2026-04-30T18:44:56.214000Z,2026-04-30T18:44:56.230000Z,0.33799999952316284,0.3540000021457672
40,node4,2026-04-30 18:44:56.126,2026-04-30 18:44:56.302,True,2026-04-30T18:44:56.134000Z,0.258,3,"baer,aic,baer","Z,Z,E",2026-04-30T18:44:56.218000Z,2026-04-30T18:44:56.228000Z,0.34200000762939453,0.35199999809265137
40,node5,2026-04-30 18:44:56.126,2026-04-30 18:44:56.302,True,2026-04-30T18:44:56.154000Z,0.278,3,"baer,aic,baer","Z,Z,E",2026-04-30T18:44:56.218000Z,2026-04-30T18:44:56.252000Z,0.34200000762939453,0.37599998712539673
40,node6,2026-04-30 18:44:56.126,2026-04-30 18:44:56.302,True,2026-04-30T18:44:56.241000Z,0.365,4,"aic,baer,aic,aic","Z,Z,N,E",2026-04-30T18:44:56.224000Z,2026-04-30T18:44:56.250000Z,0.3479999899864197,0.37400001287460327
41,node1,2026-04-30 18:44:56.134,2026-04-30 18:44:56.314,True,2026-04-30T18:44:56.090000Z,0.206,7,"ar_p,aic,baer,aic,baer,aic,baer","ZNE,N,N,Z,Z,E,E",2026-04-30T18:44:56.078000Z,2026-04-30T18:44:55.884000Z,0.1940000057220459,0.0
41,node2,2026-04-30 18:44:56.134,2026-04-30 18:44:56.314,True,2026-04-30T18:44:56.110000Z,0.226,5,"baer,aic,aic,baer,aic","Z,Z,N,E,E",2026-04-30T18:44:56.212000Z,2026-04-30T18:44:56.218000Z,0.328000009059906,0.33399999141693115
41,node3,2026-04-30 18:44:56.134,2026-04-30 18:44:56.314,True,2026-04-30T18:44:56.122000Z,0.238,4,"aic,aic,baer,aic","Z,N,E,E",2026-04-30T18:44:56.214000Z,2026-04-30T18:44:56.230000Z,0.33000001311302185,0.34599998593330383
41,node4,2026-04-30 18:44:56.134,2026-04-30 18:44:56.314,True,2026-04-30T18:44:56.134000Z,0.25,3,"baer,aic,baer","Z,Z,E",2026-04-30T18:44:56.218000Z,2026-04-30T18:44:56.228000Z,0.33399999141693115,0.3440000116825104
41,node5,2026-04-30 18:44:56.134,2026-04-30 18:44:56.314,True,2026-04-30T18:44:56.154000Z,0.27,3,"baer,aic,baer","N,Z,E",2026-04-30T18:44:56.218000Z,2026-04-30T18:44:56.252000Z,0.33399999141693115,0.36800000071525574
41,node6,2026-04-30 18:44:56.134,2026-04-30 18:44:56.314,True,2026-04-30T18:44:56.246000Z,0.362,3,"aic,aic,aic","Z,N,E",2026-04-30T18:44:56.224000Z,2026-04-30T18:44:56.250000Z,0.3400000035762787,0.3659999966621399
42,node1,2026-04-30 18:44:56.136,2026-04-30 18:44:56.336,True,2026-04-30T18:44:56.090000Z,0.204,7,"ar_p,aic,baer,aic,baer,aic,baer","ZNE,N,N,Z,Z,E,E",2026-04-30T18:44:56.078000Z,2026-04-30T18:44:55.886000Z,0.19200000166893005,0.0
42,node2,2026-04-30 18:44:56.136,2026-04-30 18:44:56.336,True,2026-04-30T18:44:56.110000Z,0.224,5,"baer,aic,aic,baer,aic","Z,Z,N,E,E",2026-04-30T18:44:56.212000Z,2026-04-30T18:44:56.218000Z,0.32600000500679016,0.3319999873638153
42,node3,2026-04-30 18:44:56.136,2026-04-30 18:44:56.336,True,2026-04-30T18:44:56.122000Z,0.236,4,"aic,aic,baer,aic","Z,N,E,E",2026-04-30T18:44:56.214000Z,2026-04-30T18:44:56.230000Z,0.328000009059906,0.3440000116825104
42,node4,2026-04-30 18:44:56.136,2026-04-30 18:44:56.336,True,2026-04-30T18:44:56.134000Z,0.248,3,"baer,aic,baer","Z,Z,E",2026-04-30T18:44:56.218000Z,2026-04-30T18:44:56.228000Z,0.3319999873638153,0.34200000762939453
42,node5,2026-04-30 18:44:56.136,2026-04-30 18:44:56.336,True,2026-04-30T18:44:56.154000Z,0.268,3,"baer,aic,baer","N,Z,E",2026-04-30T18:44:56.218000Z,2026-04-30T18:44:56.252000Z,0.3319999873638153,0.3659999966621399
42,node6,2026-04-30 18:44:56.136,2026-04-30 18:44:56.336,True,2026-04-30T18:44:56.246000Z,0.36,3,"aic,aic,aic","Z,N,E",2026-04-30T18:44:56.224000Z,2026-04-30T18:44:56.250000Z,0.33799999952316284,0.36399999260902405
43,node1,2026-04-30 18:44:56.140,2026-04-30 18:44:56.376,True,2026-04-30T18:44:56.090000Z,0.2,7,"ar_p,aic,baer,aic,baer,aic,baer","ZNE,N,N,Z,Z,E,E",2026-04-30T18:44:56.078000Z,2026-04-30T18:44:55.890000Z,0.18799999356269836,0.0
43,node2,2026-04-30 18:44:56.140,2026-04-30 18:44:56.376,True,2026-04-30T18:44:56.110000Z,0.22,6,"baer,baer,aic,aic,baer,aic","N,Z,Z,N,E,E",2026-04-30T18:44:56.212000Z,2026-04-30T18:44:56.218000Z,0.32199999690055847,0.328000009059906
43,node3,2026-04-30 18:44:56.140,2026-04-30 18:44:56.376,True,2026-04-30T18:44:56.122000Z,0.232,4,"aic,aic,baer,aic","Z,N,E,E",2026-04-30T18:44:56.214000Z,2026-04-30T18:44:56.230000Z,0.3240000009536743,0.3400000035762787
43,node4,2026-04-30 18:44:56.140,2026-04-30 18:44:56.376,True,2026-04-30T18:44:56.134000Z,0.244,3,"baer,aic,baer","Z,Z,E",2026-04-30T18:44:56.218000Z,2026-04-30T18:44:56.228000Z,0.328000009059906,0.33799999952316284
43,node5,2026-04-30 18:44:56.140,2026-04-30 18:44:56.376,True,2026-04-30T18:44:56.146000Z,0.256,4,"baer,baer,aic,baer","N,Z,Z,E",2026-04-30T18:44:56.218000Z,2026-04-30T18:44:56.252000Z,0.328000009059906,0.3619999885559082
43,node6,2026-04-30 18:44:56.140,2026-04-30 18:44:56.376,True,2026-04-30T18:44:56.246000Z,0.356,3,"aic,aic,aic","Z,N,E",2026-04-30T18:44:56.224000Z,2026-04-30T18:44:56.250000Z,0.33399999141693115,0.36000001430511475
45,node1,2026-04-30 18:45:24.994,2026-04-30 18:45:25.388,True,2026-04-30T18:45:25.204000Z,0.46,5,"baer,ar_p,aic,aic,aic","E,ZNE,Z,N,E",2026-04-30T18:45:25.196000Z,2026-04-30T18:45:25.204000Z,0.4519999921321869,0.46000000834465027
45,node2,2026-04-30 18:45:24.994,2026-04-30 18:45:25.388,True,2026-04-30T18:45:25.214000Z,0.47,7,"ar_p,baer,aic,baer,aic,aic,baer","ZNE,E,Z,Z,E,N,N",2026-04-30T18:45:25.208000Z,2026-04-30T18:45:25.214000Z,0.46399998664855957,0.4699999988079071
45,node3,2026-04-30 18:45:24.994,2026-04-30 18:45:25.388,True,2026-04-30T18:45:25.222000Z,0.478,6,"ar_p,aic,aic,baer,aic,baer","ZNE,N,Z,N,E,E",2026-04-30T18:45:25.208000Z,2026-04-30T18:45:25.220000Z,0.46399998664855957,0.47600001096725464
45,node4,2026-04-30 18:45:24.994,2026-04-30 18:45:25.388,True,2026-04-30T18:45:25.224000Z,0.48,6,"ar_p,aic,baer,aic,aic,baer","ZNE,Z,Z,N,E,E",2026-04-30T18:45:25.210000Z,2026-04-30T18:45:25.222000Z,0.4659999907016754,0.4779999852180481
45,node5,2026-04-30 18:45:24.994,2026-04-30 18:45:25.388,True,2026-04-30T18:45:25.234000Z,0.49,4,"aic,aic,aic,baer","Z,N,E,E",2026-04-30T18:45:25.216000Z,2026-04-30T18:45:25.244000Z,0.47200000286102295,0.5
45,node6,2026-04-30 18:45:24.994,2026-04-30 18:45:25.388,True,2026-04-30T18:45:25.232000Z,0.488,5,"ar_p,aic,aic,aic,baer","ZNE,Z,N,E,E",2026-04-30T18:45:25.220000Z,2026-04-30T18:45:25.278000Z,0.47600001096725464,0.5339999794960022
46,node1,2026-04-30 18:45:33.778,2026-04-30 18:45:34.176,True,2026-04-30T18:45:34.006000Z,0.478,4,"ar_p,aic,aic,aic","ZNE,Z,N,E",2026-04-30T18:45:33.994000Z,2026-04-30T18:45:34.004000Z,0.4659999907016754,0.47600001096725464
46,node2,2026-04-30 18:45:33.778,2026-04-30 18:45:34.176,True,2026-04-30T18:45:34.013000Z,0.485,4,"ar_p,aic,aic,aic","ZNE,Z,N,E",2026-04-30T18:45:34.006000Z,2026-04-30T18:45:34.012000Z,0.4779999852180481,0.48399999737739563
46,node3,2026-04-30 18:45:33.778,2026-04-30 18:45:34.176,True,2026-04-30T18:45:34.019000Z,0.491,4,"ar_p,aic,aic,aic","ZNE,Z,E,N",2026-04-30T18:45:34.008000Z,2026-04-30T18:45:34.022000Z,0.47999998927116394,0.49399998784065247
46,node4,2026-04-30 18:45:33.778,2026-04-30 18:45:34.176,True,2026-04-30T18:45:34.022000Z,0.494,4,"ar_p,aic,aic,aic","ZNE,Z,N,E",2026-04-30T18:45:34.010000Z,2026-04-30T18:45:34.038000Z,0.4819999933242798,0.5099999904632568
46,node5,2026-04-30 18:45:33.778,2026-04-30 18:45:34.176,True,2026-04-30T18:45:34.026000Z,0.498,3,"ar_p,aic,aic","ZNE,Z,N",2026-04-30T18:45:34.014000Z,2026-04-30T18:45:34.048000Z,0.4860000014305115,0.5199999809265137
46,node6,2026-04-30 18:45:33.778,2026-04-30 18:45:34.176,True,2026-04-30T18:45:34.032000Z,0.504,5,"aic,aic,baer,baer,aic","Z,N,N,E,E",2026-04-30T18:45:34.016000Z,2026-04-30T18:45:33.528000Z,0.4880000054836273,0.0
47,node1,2026-04-30 18:45:42.070,2026-04-30 18:45:42.356,True,2026-04-30T18:45:42.187000Z,0.367,4,"ar_p,aic,aic,aic","ZNE,N,Z,E",2026-04-30T18:45:42.176000Z,2026-04-30T18:45:42.184000Z,0.35600000619888306,0.36399999260902405
47,node2,2026-04-30 18:45:42.070,2026-04-30 18:45:42.356,True,2026-04-30T18:45:42.194000Z,0.374,6,"ar_p,aic,baer,aic,aic,baer","ZNE,Z,Z,N,E,E",2026-04-30T18:45:42.188000Z,2026-04-30T18:45:42.202000Z,0.36800000071525574,0.38199999928474426
47,node3,2026-04-30 18:45:42.070,2026-04-30 18:45:42.356,True,2026-04-30T18:45:42.202000Z,0.382,5,"ar_p,baer,aic,aic,aic","ZNE,Z,Z,N,E",2026-04-30T18:45:42.190000Z,2026-04-30T18:45:42.200000Z,0.3700000047683716,0.3799999952316284
47,node4,2026-04-30 18:45:42.070,2026-04-30 18:45:42.356,True,2026-04-30T18:45:42.204000Z,0.384,5,"ar_p,aic,aic,baer,aic","ZNE,Z,N,N,E",2026-04-30T18:45:42.192000Z,2026-04-30T18:45:42.204000Z,0.3720000088214874,0.3840000033378601
47,node5,2026-04-30 18:45:42.070,2026-04-30 18:45:42.356,True,2026-04-30T18:45:42.214000Z,0.394,5,"aic,aic,baer,aic,baer","Z,N,N,E,E",2026-04-30T18:45:42.196000Z,2026-04-30T18:45:42.228000Z,0.37599998712539673,0.40799999237060547
47,node6,2026-04-30 18:45:42.070,2026-04-30 18:45:42.356,True,2026-04-30T18:45:41.938000Z,0.118,3,"baer,baer,baer","E,N,Z",2026-04-30T18:45:42.198000Z,2026-04-30T18:45:42.220000Z,0.3779999911785126,0.4000000059604645
48,node1,2026-04-30 18:46:08.206,2026-04-30 18:46:08.494,True,2026-04-30T18:46:08.322000Z,0.366,5,"baer,ar_p,aic,aic,aic","N,ZNE,Z,N,E",2026-04-30T18:46:08.314000Z,2026-04-30T18:46:08.322000Z,0.3580000102519989,0.3659999966621399
48,node2,2026-04-30 18:46:08.206,2026-04-30 18:46:08.494,True,2026-04-30T18:46:08.332000Z,0.376,6,"ar_p,aic,aic,baer,baer,aic","ZNE,N,Z,Z,N,E",2026-04-30T18:46:08.322000Z,2026-04-30T18:46:08.330000Z,0.3659999966621399,0.37400001287460327
48,node3,2026-04-30 18:46:08.206,2026-04-30 18:46:08.494,True,2026-04-30T18:46:08.340000Z,0.384,7,"ar_p,baer,baer,aic,aic,aic,baer","ZNE,Z,N,Z,N,E,E",2026-04-30T18:46:08.326000Z,2026-04-30T18:46:08.344000Z,0.3700000047683716,0.3880000114440918
48,node4,2026-04-30 18:46:08.206,2026-04-30 18:46:08.494,True,2026-04-30T18:46:08.340000Z,0.384,5,"ar_p,baer,aic,baer,aic","ZNE,N,Z,Z,N",2026-04-30T18:46:08.330000Z,2026-04-30T18:46:08.354000Z,0.37400001287460327,0.39800000190734863
48,node5,2026-04-30 18:46:08.206,2026-04-30 18:46:08.494,True,2026-04-30T18:46:08.346000Z,0.39,3,"ar_p,aic,aic","ZNE,Z,N",2026-04-30T18:46:08.334000Z,2026-04-30T18:46:08.370000Z,0.3779999911785126,0.414000004529953
48,node6,2026-04-30 18:46:08.206,2026-04-30 18:46:08.494,True,2026-04-30T18:46:08.360000Z,0.404,3,"aic,aic,aic","Z,N,E",2026-04-30T18:46:08.338000Z,2026-04-30T18:46:07.956000Z,0.38199999928474426,0.0
50,node1,2026-04-30 18:46:17.436,2026-04-30 18:46:17.574,True,2026-04-30T18:46:17.444000Z,0.258,7,"aic,ar_p,baer,baer,aic,baer,aic","N,ZNE,N,E,Z,Z,E",2026-04-30T18:46:17.442000Z,2026-04-30T18:46:17.438000Z,0.25600001215934753,0.25200000405311584
50,node2,2026-04-30 18:46:17.436,2026-04-30 18:46:17.574,True,2026-04-30T18:46:17.434000Z,0.248,5,"ar_p,aic,aic,aic,baer","ZNE,Z,N,E,E",2026-04-30T18:46:17.428000Z,2026-04-30T18:46:17.434000Z,0.24199999868869781,0.24799999594688416
50,node3,2026-04-30 18:46:17.436,2026-04-30 18:46:17.574,True,2026-04-30T18:46:17.438000Z,0.252,5,"ar_p,aic,aic,aic,baer","ZNE,N,E,Z,E",2026-04-30T18:46:17.430000Z,2026-04-30T18:46:17.438000Z,0.24400000274181366,0.25200000405311584
50,node4,2026-04-30 18:46:17.436,2026-04-30 18:46:17.574,True,2026-04-30T18:46:17.446000Z,0.26,7,"ar_p,aic,baer,baer,aic,baer,aic","ZNE,Z,N,Z,E,E,N",2026-04-30T18:46:17.442000Z,2026-04-30T18:46:17.448000Z,0.25600001215934753,0.2619999945163727
50,node5,2026-04-30 18:46:17.436,2026-04-30 18:46:17.574,True,2026-04-30T18:46:17.457000Z,0.271,6,"aic,ar_p,aic,baer,baer,aic","Z,ZNE,N,N,E,E",2026-04-30T18:46:17.454000Z,2026-04-30T18:46:17.462000Z,0.2680000066757202,0.2759999930858612
50,node6,2026-04-30 18:46:17.436,2026-04-30 18:46:17.574,True,2026-04-30T18:46:17.462000Z,0.276,7,"aic,baer,ar_p,baer,baer,aic,aic","N,N,ZNE,Z,E,Z,E",2026-04-30T18:46:17.458000Z,2026-04-30T18:46:17.468000Z,0.2720000147819519,0.28200000524520874
52,node1,2026-04-30 18:46:57.256,2026-04-30 18:46:57.538,True,2026-04-30T18:46:57.367000Z,0.361,4,"ar_p,aic,aic,aic","ZNE,N,Z,E",2026-04-30T18:46:57.356000Z,2026-04-30T18:46:57.364000Z,0.3499999940395355,0.3580000102519989
52,node2,2026-04-30 18:46:57.256,2026-04-30 18:46:57.538,True,2026-04-30T18:46:57.376000Z,0.37,4,"ar_p,aic,aic,aic","ZNE,Z,N,E",2026-04-30T18:46:57.368000Z,2026-04-30T18:46:57.374000Z,0.3619999885559082,0.36800000071525574
52,node3,2026-04-30 18:46:57.256,2026-04-30 18:46:57.538,True,2026-04-30T18:46:57.382000Z,0.376,4,"ar_p,aic,aic,aic","ZNE,Z,N,E",2026-04-30T18:46:57.370000Z,2026-04-30T18:46:57.380000Z,0.36399999260902405,0.37400001287460327
52,node4,2026-04-30 18:46:57.256,2026-04-30 18:46:57.538,True,2026-04-30T18:46:57.385000Z,0.379,4,"ar_p,aic,aic,aic","ZNE,Z,N,E",2026-04-30T18:46:57.372000Z,2026-04-30T18:46:57.384000Z,0.3659999966621399,0.3779999911785126
52,node5,2026-04-30 18:46:57.256,2026-04-30 18:46:57.538,True,2026-04-30T18:46:57.118000Z,0.112,3,"baer,baer,baer","N,E,Z",2026-04-30T18:46:57.378000Z,2026-04-30T18:46:57.408000Z,0.3720000088214874,0.4020000100135803
52,node6,2026-04-30 18:46:57.256,2026-04-30 18:46:57.538,True,2026-04-30T18:46:57.144000Z,0.138,3,"baer,baer,baer","Z,N,E",2026-04-30T18:46:57.382000Z,2026-04-30T18:46:57.400000Z,0.37599998712539673,0.39399999380111694
53,node1,2026-04-30 18:47:17.202,2026-04-30 18:47:17.590,True,2026-04-30T18:47:17.422000Z,0.47,4,"ar_p,aic,aic,aic","ZNE,N,Z,E",2026-04-30T18:47:17.416000Z,2026-04-30T18:47:17.424000Z,0.46399998664855957,0.47200000286102295
53,node2,2026-04-30 18:47:17.202,2026-04-30 18:47:17.590,True,2026-04-30T18:47:17.434000Z,0.482,5,"ar_p,aic,aic,baer,aic","ZNE,Z,N,N,E",2026-04-30T18:47:17.428000Z,2026-04-30T18:47:17.432000Z,0.47600001096725464,0.47999998927116394
53,node3,2026-04-30 18:47:17.202,2026-04-30 18:47:17.590,True,2026-04-30T18:47:17.442000Z,0.49,7,"ar_p,baer,baer,aic,aic,aic,baer","ZNE,N,Z,Z,N,E,E",2026-04-30T18:47:17.430000Z,2026-04-30T18:47:17.446000Z,0.4779999852180481,0.49399998784065247
53,node4,2026-04-30 18:47:17.202,2026-04-30 18:47:17.590,True,2026-04-30T18:47:17.444000Z,0.492,5,"ar_p,aic,aic,aic,baer","ZNE,Z,N,E,E",2026-04-30T18:47:17.432000Z,2026-04-30T18:47:17.442000Z,0.47999998927116394,0.49000000953674316
53,node5,2026-04-30 18:47:17.202,2026-04-30 18:47:17.590,True,2026-04-30T18:47:17.454000Z,0.502,4,"aic,aic,aic,baer","Z,N,E,E",2026-04-30T18:47:17.436000Z,2026-04-30T18:47:17.472000Z,0.48399999737739563,0.5199999809265137
53,node6,2026-04-30 18:47:17.202,2026-04-30 18:47:17.590,True,2026-04-30T18:47:17.451000Z,0.499,4,"ar_p,aic,aic,baer","ZNE,Z,N,N",2026-04-30T18:47:17.438000Z,2026-04-30T18:47:17.464000Z,0.4860000014305115,0.5120000243186951
54,node1,2026-04-30 18:47:38.678,2026-04-30 18:47:39.064,True,2026-04-30T18:47:38.888000Z,0.46,4,"ar_p,aic,aic,aic","ZNE,N,E,Z",2026-04-30T18:47:38.880000Z,2026-04-30T18:47:38.886000Z,0.4519999921321869,0.4580000042915344
54,node2,2026-04-30 18:47:38.678,2026-04-30 18:47:39.064,True,2026-04-30T18:47:38.895000Z,0.467,4,"ar_p,aic,aic,aic","ZNE,N,Z,E",2026-04-30T18:47:38.888000Z,2026-04-30T18:47:38.896000Z,0.46000000834465027,0.46799999475479126
54,node3,2026-04-30 18:47:38.678,2026-04-30 18:47:39.064,True,2026-04-30T18:47:38.902000Z,0.474,4,"ar_p,aic,aic,aic","ZNE,Z,N,E",2026-04-30T18:47:38.890000Z,2026-04-30T18:47:38.904000Z,0.4620000123977661,0.47600001096725464
54,node4,2026-04-30 18:47:38.678,2026-04-30 18:47:39.064,True,2026-04-30T18:47:38.903000Z,0.475,4,"ar_p,aic,aic,aic","ZNE,Z,N,E",2026-04-30T18:47:38.892000Z,2026-04-30T18:47:38.904000Z,0.46399998664855957,0.47600001096725464
54,node5,2026-04-30 18:47:38.678,2026-04-30 18:47:39.064,True,2026-04-30T18:47:38.910000Z,0.482,4,"ar_p,aic,aic,aic","ZNE,Z,N,E",2026-04-30T18:47:38.898000Z,2026-04-30T18:47:38.924000Z,0.4699999988079071,0.4959999918937683
54,node6,2026-04-30 18:47:38.678,2026-04-30 18:47:39.064,True,2026-04-30T18:47:38.916000Z,0.488,3,"aic,baer,aic","N,N,E",2026-04-30T18:47:38.484000Z,2026-04-30T18:47:38.428000Z,0.0560000017285347,0.0
56,node1,2026-04-30 18:47:57.770,2026-04-30 18:47:57.986,True,2026-04-30T18:47:57.640000Z,0.12,3,"baer,baer,baer","Z,N,E",2026-04-30T18:47:57.792000Z,2026-04-30T18:47:57.798000Z,0.2720000147819519,0.27799999713897705
56,node2,2026-04-30 18:47:57.770,2026-04-30 18:47:57.986,True,2026-04-30T18:47:57.812000Z,0.292,4,"ar_p,aic,aic,aic","ZNE,N,E,Z",2026-04-30T18:47:57.800000Z,2026-04-30T18:47:57.808000Z,0.2800000011920929,0.2879999876022339
56,node3,2026-04-30 18:47:57.770,2026-04-30 18:47:57.986,True,2026-04-30T18:47:57.817000Z,0.297,4,"ar_p,aic,aic,aic","ZNE,Z,N,E",2026-04-30T18:47:57.804000Z,2026-04-30T18:47:57.814000Z,0.2840000092983246,0.2939999997615814
56,node4,2026-04-30 18:47:57.770,2026-04-30 18:47:57.986,True,2026-04-30T18:47:57.820000Z,0.3,5,"ar_p,aic,aic,baer,aic","ZNE,Z,N,N,E",2026-04-30T18:47:57.808000Z,2026-04-30T18:47:57.818000Z,0.2879999876022339,0.2980000078678131
56,node5,2026-04-30 18:47:57.770,2026-04-30 18:47:57.986,True,2026-04-30T18:47:57.822000Z,0.302,3,"ar_p,aic,aic","ZNE,Z,N",2026-04-30T18:47:57.810000Z,2026-04-30T18:47:57.844000Z,0.28999999165534973,0.3240000009536743
56,node6,2026-04-30 18:47:57.770,2026-04-30 18:47:57.986,True,2026-04-30T18:47:57.833000Z,0.313,4,"aic,baer,aic,aic","Z,N,N,E",2026-04-30T18:47:57.814000Z,2026-04-30T18:47:57.836000Z,0.2939999997615814,0.3160000145435333
57,node1,2026-04-30 18:48:15.288,2026-04-30 18:48:15.732,True,2026-04-30T18:48:15.566000Z,0.528,4,"aic,ar_p,aic,aic","N,ZNE,Z,E",2026-04-30T18:48:15.562000Z,2026-04-30T18:48:15.572000Z,0.5239999890327454,0.5339999794960022
57,node2,2026-04-30 18:48:15.288,2026-04-30 18:48:15.732,True,2026-04-30T18:48:15.581000Z,0.543,4,"ar_p,aic,aic,aic","ZNE,N,Z,E",2026-04-30T18:48:15.574000Z,2026-04-30T18:48:15.578000Z,0.5360000133514404,0.5400000214576721
57,node3,2026-04-30 18:48:15.288,2026-04-30 18:48:15.732,True,2026-04-30T18:48:15.586000Z,0.548,4,"ar_p,aic,aic,aic","ZNE,N,Z,E",2026-04-30T18:48:15.576000Z,2026-04-30T18:48:15.590000Z,0.5379999876022339,0.5519999861717224
57,node4,2026-04-30 18:48:15.288,2026-04-30 18:48:15.732,True,2026-04-30T18:48:15.590000Z,0.552,5,"ar_p,baer,aic,aic,aic","ZNE,E,N,Z,E",2026-04-30T18:48:15.580000Z,2026-04-30T18:48:15.590000Z,0.5419999957084656,0.5519999861717224
57,node5,2026-04-30 18:48:15.288,2026-04-30 18:48:15.732,True,2026-04-30T18:48:15.597000Z,0.559,4,"ar_p,aic,aic,aic","ZNE,Z,N,E",2026-04-30T18:48:15.586000Z,2026-04-30T18:48:15.618000Z,0.5479999780654907,0.5799999833106995
57,node6,2026-04-30 18:48:15.288,2026-04-30 18:48:15.732,True,2026-04-30T18:48:15.594000Z,0.556,4,"aic,ar_p,aic,aic","Z,ZNE,N,E",2026-04-30T18:48:15.588000Z,2026-04-30T18:48:15.612000Z,0.550000011920929,0.5740000009536743
58,node1,2026-04-30 18:48:37.076,2026-04-30 18:48:37.368,True,2026-04-30T18:48:37.196000Z,0.37,5,"baer,ar_p,aic,aic,aic","Z,ZNE,Z,N,E",2026-04-30T18:48:37.190000Z,2026-04-30T18:48:37.198000Z,0.36399999260902405,0.3720000088214874
58,node2,2026-04-30 18:48:37.076,2026-04-30 18:48:37.368,True,2026-04-30T18:48:37.208000Z,0.382,5,"ar_p,aic,baer,aic,aic","ZNE,Z,Z,N,E",2026-04-30T18:48:37.202000Z,2026-04-30T18:48:37.208000Z,0.37599998712539673,0.38199999928474426
58,node3,2026-04-30 18:48:37.076,2026-04-30 18:48:37.368,True,2026-04-30T18:48:37.214000Z,0.388,5,"ar_p,baer,aic,aic,aic","ZNE,Z,N,Z,E",2026-04-30T18:48:37.200000Z,2026-04-30T18:48:37.216000Z,0.37400001287460327,0.38999998569488525
58,node4,2026-04-30 18:48:37.076,2026-04-30 18:48:37.368,True,2026-04-30T18:48:37.218000Z,0.392,6,"ar_p,baer,aic,aic,baer,aic","ZNE,E,Z,N,Z,E",2026-04-30T18:48:37.206000Z,2026-04-30T18:48:37.218000Z,0.3799999952316284,0.3919999897480011
58,node5,2026-04-30 18:48:37.076,2026-04-30 18:48:37.368,True,2026-04-30T18:48:37.224000Z,0.398,6,"ar_p,aic,baer,aic,baer,baer","ZNE,Z,Z,N,N,E",2026-04-30T18:48:37.210000Z,2026-04-30T18:48:37.246000Z,0.3840000033378601,0.41999998688697815
58,node6,2026-04-30 18:48:37.076,2026-04-30 18:48:37.368,True,2026-04-30T18:48:37.224000Z,0.398,5,"ar_p,aic,aic,baer,baer","ZNE,Z,N,Z,N",2026-04-30T18:48:37.214000Z,2026-04-30T18:48:37.252000Z,0.3880000114440918,0.4259999990463257
59,node1,2026-04-30 18:50:06.620,2026-04-30 18:50:07.006,True,2026-04-30T18:50:06.832000Z,0.462,4,"aic,ar_p,aic,aic","E,ZNE,N,Z",2026-04-30T18:50:06.830000Z,2026-04-30T18:50:06.830000Z,0.46000000834465027,0.46000000834465027
59,node2,2026-04-30 18:50:06.620,2026-04-30 18:50:07.006,True,2026-04-30T18:50:06.841000Z,0.471,4,"ar_p,aic,aic,aic","ZNE,Z,N,E",2026-04-30T18:50:06.834000Z,2026-04-30T18:50:06.838000Z,0.46399998664855957,0.46799999475479126
59,node3,2026-04-30 18:50:06.620,2026-04-30 18:50:07.006,True,2026-04-30T18:50:06.848000Z,0.478,4,"ar_p,aic,aic,aic","ZNE,Z,N,E",2026-04-30T18:50:06.836000Z,2026-04-30T18:50:06.850000Z,0.4659999907016754,0.47999998927116394
59,node4,2026-04-30 18:50:06.620,2026-04-30 18:50:07.006,True,2026-04-30T18:50:06.852000Z,0.482,6,"ar_p,aic,baer,aic,baer,aic","ZNE,Z,Z,N,E,E",2026-04-30T18:50:06.838000Z,2026-04-30T18:50:06.866000Z,0.46799999475479126,0.4959999918937683
59,node5,2026-04-30 18:50:06.620,2026-04-30 18:50:07.006,True,2026-04-30T18:50:06.858000Z,0.488,6,"ar_p,aic,baer,aic,baer,aic","ZNE,Z,Z,N,E,E",2026-04-30T18:50:06.842000Z,2026-04-30T18:50:06.876000Z,0.47200000286102295,0.5059999823570251
59,node6,2026-04-30 18:50:06.620,2026-04-30 18:50:07.006,True,2026-04-30T18:50:06.858000Z,0.488,5,"ar_p,aic,aic,baer,baer","ZNE,Z,N,Z,E",2026-04-30T18:50:06.846000Z,2026-04-30T18:50:06.868000Z,0.47600001096725464,0.49799999594688416
60,node1,2026-04-30 18:51:12.804,2026-04-30 18:51:13.108,True,2026-04-30T18:51:12.926000Z,0.372,5,"baer,ar_p,baer,aic,aic","N,ZNE,E,N,E",2026-04-30T18:51:12.924000Z,2026-04-30T18:51:12.932000Z,0.3700000047683716,0.3779999911785126
60,node2,2026-04-30 18:51:12.804,2026-04-30 18:51:13.108,True,2026-04-30T18:51:12.943000Z,0.389,6,"ar_p,aic,aic,baer,baer,aic","ZNE,E,N,N,E,Z",2026-04-30T18:51:12.934000Z,2026-04-30T18:51:12.942000Z,0.3799999952316284,0.3880000114440918
60,node3,2026-04-30 18:51:12.804,2026-04-30 18:51:13.108,True,2026-04-30T18:51:12.950000Z,0.396,5,"ar_p,aic,aic,baer,aic","ZNE,N,Z,N,E",2026-04-30T18:51:12.936000Z,2026-04-30T18:51:12.950000Z,0.38199999928474426,0.3959999978542328
60,node4,2026-04-30 18:51:12.804,2026-04-30 18:51:13.108,True,2026-04-30T18:51:12.953000Z,0.399,6,"ar_p,aic,aic,aic,baer,baer","ZNE,Z,N,E,N,E",2026-04-30T18:51:12.940000Z,2026-04-30T18:51:12.954000Z,0.38600000739097595,0.4000000059604645
60,node5,2026-04-30 18:51:12.804,2026-04-30 18:51:13.108,True,2026-04-30T18:51:12.956000Z,0.402,3,"ar_p,aic,aic","ZNE,Z,N",2026-04-30T18:51:12.944000Z,2026-04-30T18:51:12.972000Z,0.38999998569488525,0.4180000126361847
60,node6,2026-04-30 18:51:12.804,2026-04-30 18:51:13.108,True,2026-04-30T18:51:12.959000Z,0.405,4,"ar_p,aic,aic,aic","ZNE,Z,N,E",2026-04-30T18:51:12.948000Z,2026-04-30T18:51:13.006000Z,0.39399999380111694,0.4519999921321869
61,node1,2026-04-30 18:51:16.598,2026-04-30 18:51:16.824,True,2026-04-30T18:51:16.608000Z,0.26,4,"aic,aic,baer,aic","N,Z,N,E",2026-04-30T18:51:16.472000Z,2026-04-30T18:51:16.348000Z,0.12399999797344208,0.0
61,node2,2026-04-30 18:51:16.598,2026-04-30 18:51:16.824,True,2026-04-30T18:51:16.618000Z,0.27,5,"ar_p,aic,aic,baer,aic","ZNE,N,Z,N,E",2026-04-30T18:51:16.612000Z,2026-04-30T18:51:16.614000Z,0.2639999985694885,0.26600000262260437
61,node3,2026-04-30 18:51:16.598,2026-04-30 18:51:16.824,True,2026-04-30T18:51:16.622000Z,0.274,5,"ar_p,aic,aic,baer,aic","ZNE,Z,N,E,E",2026-04-30T18:51:16.612000Z,2026-04-30T18:51:16.620000Z,0.2639999985694885,0.2720000147819519
61,node4,2026-04-30 18:51:16.598,2026-04-30 18:51:16.824,True,2026-04-30T18:51:16.622000Z,0.274,5,"baer,baer,ar_p,aic,aic","Z,N,ZNE,N,Z",2026-04-30T18:51:16.622000Z,2026-04-30T18:51:16.628000Z,0.27399998903274536,0.2800000011920929
61,node5,2026-04-30 18:51:16.598,2026-04-30 18:51:16.824,True,2026-04-30T18:51:16.637000Z,0.289,6,"baer,aic,baer,aic,aic,baer","Z,N,N,Z,E,E",2026-04-30T18:51:16.392000Z,2026-04-30T18:51:16.348000Z,0.04399999976158142,0.0
61,node6,2026-04-30 18:51:16.598,2026-04-30 18:51:16.824,True,2026-04-30T18:51:16.646000Z,0.298,4,"aic,aic,baer,baer","E,N,N,E",2026-04-30T18:51:16.534000Z,2026-04-30T18:51:16.646000Z,0.1860000044107437,0.2980000078678131
62,node1,2026-04-30 18:52:06.602,2026-04-30 18:52:06.784,True,2026-04-30T18:52:06.602000Z,0.25,6,"ar_p,aic,aic,aic,baer,baer","ZNE,N,Z,E,Z,N",2026-04-30T18:52:06.590000Z,2026-04-30T18:52:06.598000Z,0.23800000548362732,0.2460000067949295
62,node2,2026-04-30 18:52:06.602,2026-04-30 18:52:06.784,True,2026-04-30T18:52:06.616000Z,0.264,7,"ar_p,aic,baer,aic,baer,aic,baer","ZNE,N,N,Z,Z,E,E",2026-04-30T18:52:06.604000Z,2026-04-30T18:52:06.610000Z,0.25200000405311584,0.257999986410141
62,node3,2026-04-30 18:52:06.602,2026-04-30 18:52:06.784,True,2026-04-30T18:52:06.620000Z,0.268,7,"aic,baer,baer,ar_p,baer,aic,aic","N,Z,N,ZNE,E,E,Z",2026-04-30T18:52:06.620000Z,2026-04-30T18:52:06.624000Z,0.2680000066757202,0.2720000147819519
62,node4,2026-04-30 18:52:06.602,2026-04-30 18:52:06.784,True,2026-04-30T18:52:06.630000Z,0.278,6,"aic,ar_p,baer,aic,baer,baer","N,ZNE,N,Z,Z,E",2026-04-30T18:52:06.626000Z,2026-04-30T18:52:06.628000Z,0.27399998903274536,0.2759999930858612
62,node5,2026-04-30 18:52:06.602,2026-04-30 18:52:06.784,True,2026-04-30T18:52:06.641000Z,0.289,6,"aic,aic,baer,baer,aic,baer","Z,N,N,Z,E,E",2026-04-30T18:52:06.428000Z,2026-04-30T18:52:06.352000Z,0.07599999755620956,0.0
62,node6,2026-04-30 18:52:06.602,2026-04-30 18:52:06.784,True,2026-04-30T18:52:06.648000Z,0.296,4,"ar_p,aic,aic,baer","ZNE,N,Z,Z",2026-04-30T18:52:06.640000Z,2026-04-30T18:52:06.648000Z,0.2879999876022339,0.29600000381469727
64,node1,2026-04-30 18:52:26.500,2026-04-30 18:52:26.768,True,2026-04-30T18:52:26.596000Z,0.346,4,"ar_p,aic,aic,aic","ZNE,N,E,Z",2026-04-30T18:52:26.586000Z,2026-04-30T18:52:26.594000Z,0.335999995470047,0.3440000116825104
64,node2,2026-04-30 18:52:26.500,2026-04-30 18:52:26.768,True,2026-04-30T18:52:26.604000Z,0.354,5,"ar_p,aic,baer,aic,aic","ZNE,N,Z,E,Z",2026-04-30T18:52:26.592000Z,2026-04-30T18:52:26.602000Z,0.34200000762939453,0.35199999809265137
64,node3,2026-04-30 18:52:26.500,2026-04-30 18:52:26.768,True,2026-04-30T18:52:26.610000Z,0.36,6,"ar_p,baer,aic,baer,aic,aic","ZNE,E,Z,Z,N,E",2026-04-30T18:52:26.598000Z,2026-04-30T18:52:26.610000Z,0.3479999899864197,0.36000001430511475
64,node4,2026-04-30 18:52:26.500,2026-04-30 18:52:26.768,True,2026-04-30T18:52:26.612000Z,0.362,5,"ar_p,aic,aic,baer,aic","ZNE,Z,N,Z,E",2026-04-30T18:52:26.600000Z,2026-04-30T18:52:26.614000Z,0.3499999940395355,0.36399999260902405
64,node5,2026-04-30 18:52:26.500,2026-04-30 18:52:26.768,True,2026-04-30T18:52:26.620000Z,0.37,5,"ar_p,aic,aic,baer,aic","ZNE,Z,N,E,E",2026-04-30T18:52:26.604000Z,2026-04-30T18:52:26.638000Z,0.3540000021457672,0.3880000114440918
64,node6,2026-04-30 18:52:26.500,2026-04-30 18:52:26.768,True,2026-04-30T18:52:26.622000Z,0.372,6,"aic,aic,baer,baer,baer,aic","Z,N,Z,N,E,E",2026-04-30T18:52:26.608000Z,2026-04-30T18:52:26.646000Z,0.3580000102519989,0.3959999978542328
65,node1,2026-04-30 18:53:09.188,2026-04-30 18:53:09.390,True,2026-04-30T18:53:09.224000Z,0.286,4,"ar_p,aic,aic,aic","ZNE,Z,N,E",2026-04-30T18:53:09.214000Z,2026-04-30T18:53:09.224000Z,0.2759999930858612,0.28600001335144043
65,node2,2026-04-30 18:53:09.188,2026-04-30 18:53:09.390,True,2026-04-30T18:53:09.235000Z,0.297,4,"ar_p,aic,aic,aic","ZNE,E,Z,N",2026-04-30T18:53:09.226000Z,2026-04-30T18:53:09.234000Z,0.2879999876022339,0.29600000381469727
65,node3,2026-04-30 18:53:09.188,2026-04-30 18:53:09.390,True,2026-04-30T18:53:09.242000Z,0.304,6,"ar_p,aic,baer,aic,aic,baer","ZNE,Z,Z,N,E,E",2026-04-30T18:53:09.228000Z,2026-04-30T18:53:09.242000Z,0.28999999165534973,0.30399999022483826
65,node4,2026-04-30 18:53:09.188,2026-04-30 18:53:09.390,True,2026-04-30T18:53:09.244000Z,0.306,7,"ar_p,aic,baer,aic,baer,baer,aic","ZNE,Z,Z,N,N,E,E",2026-04-30T18:53:09.230000Z,2026-04-30T18:53:09.258000Z,0.2919999957084656,0.3199999928474426
65,node5,2026-04-30 18:53:09.188,2026-04-30 18:53:09.390,True,2026-04-30T18:53:09.254000Z,0.316,5,"aic,aic,baer,aic,baer","Z,N,N,E,E",2026-04-30T18:53:09.234000Z,2026-04-30T18:53:09.270000Z,0.29600000381469727,0.3319999873638153
65,node6,2026-04-30 18:53:09.188,2026-04-30 18:53:09.390,True,2026-04-30T18:53:09.254000Z,0.316,5,"aic,aic,baer,aic,baer","Z,N,N,E,E",2026-04-30T18:53:09.238000Z,2026-04-30T18:53:08.938000Z,0.30000001192092896,0.0
66,node1,2026-04-30 18:54:08.430,2026-04-30 18:54:08.812,True,2026-04-30T18:54:08.640000Z,0.46,4,"ar_p,aic,aic,aic","ZNE,N,E,Z",2026-04-30T18:54:08.632000Z,2026-04-30T18:54:08.638000Z,0.4519999921321869,0.4580000042915344
66,node2,2026-04-30 18:54:08.430,2026-04-30 18:54:08.812,True,2026-04-30T18:54:08.648000Z,0.468,4,"ar_p,aic,aic,aic","ZNE,Z,N,E",2026-04-30T18:54:08.636000Z,2026-04-30T18:54:08.646000Z,0.4560000002384186,0.4659999907016754
66,node3,2026-04-30 18:54:08.430,2026-04-30 18:54:08.812,True,2026-04-30T18:54:08.655000Z,0.475,4,"ar_p,aic,aic,aic","ZNE,Z,N,E",2026-04-30T18:54:08.644000Z,2026-04-30T18:54:08.654000Z,0.46399998664855957,0.4740000069141388
66,node4,2026-04-30 18:54:08.430,2026-04-30 18:54:08.812,True,2026-04-30T18:54:08.657000Z,0.477,4,"ar_p,aic,aic,aic","ZNE,Z,N,E",2026-04-30T18:54:08.646000Z,2026-04-30T18:54:08.658000Z,0.4659999907016754,0.4779999852180481
66,node5,2026-04-30 18:54:08.430,2026-04-30 18:54:08.812,True,2026-04-30T18:54:08.660000Z,0.48,3,"ar_p,aic,aic","ZNE,Z,N",2026-04-30T18:54:08.648000Z,2026-04-30T18:54:08.682000Z,0.46799999475479126,0.5019999742507935
66,node6,2026-04-30 18:54:08.430,2026-04-30 18:54:08.812,True,2026-04-30T18:54:08.664000Z,0.484,4,"ar_p,aic,aic,aic","ZNE,Z,N,E",2026-04-30T18:54:08.652000Z,2026-04-30T18:54:08.672000Z,0.47200000286102295,0.492000013589859
67,node1,2026-04-30 18:56:40.802,2026-04-30 18:56:41.070,True,2026-04-30T18:56:40.919000Z,0.367,6,"ar_p,baer,aic,aic,aic,baer","ZNE,Z,N,Z,E,E",2026-04-30T18:56:40.908000Z,2026-04-30T18:56:40.918000Z,0.35600000619888306,0.3659999966621399
67,node2,2026-04-30 18:56:40.802,2026-04-30 18:56:41.070,True,2026-04-30T18:56:40.928000Z,0.376,7,"ar_p,baer,aic,aic,aic,baer,baer","ZNE,Z,Z,N,E,N,E",2026-04-30T18:56:40.920000Z,2026-04-30T18:56:40.932000Z,0.36800000071525574,0.3799999952316284
67,node3,2026-04-30 18:56:40.802,2026-04-30 18:56:41.070,True,2026-04-30T18:56:40.936000Z,0.384,7,"ar_p,baer,aic,aic,aic,baer,baer","ZNE,Z,Z,N,E,N,E",2026-04-30T18:56:40.924000Z,2026-04-30T18:56:40.936000Z,0.3720000088214874,0.3840000033378601
67,node4,2026-04-30 18:56:40.802,2026-04-30 18:56:41.070,True,2026-04-30T18:56:40.938000Z,0.386,6,"ar_p,aic,baer,aic,aic,baer","ZNE,Z,Z,N,E,N",2026-04-30T18:56:40.924000Z,2026-04-30T18:56:40.952000Z,0.3720000088214874,0.4000000059604645
67,node5,2026-04-30 18:56:40.802,2026-04-30 18:56:41.070,True,2026-04-30T18:56:40.944000Z,0.392,5,"ar_p,aic,aic,baer,baer","ZNE,Z,N,N,E",2026-04-30T18:56:40.930000Z,2026-04-30T18:56:40.964000Z,0.3779999911785126,0.41200000047683716
67,node6,2026-04-30 18:56:40.802,2026-04-30 18:56:41.070,True,2026-04-30T18:56:40.944000Z,0.392,4,"ar_p,aic,aic,baer","ZNE,Z,N,N",2026-04-30T18:56:40.932000Z,2026-04-30T18:56:40.552000Z,0.3799999952316284,0.0
69,node1,2026-04-30 18:58:21.284,2026-04-30 18:58:21.662,True,2026-04-30T18:58:21.472000Z,0.438,6,"ar_p,baer,aic,baer,aic,aic","ZNE,Z,N,E,Z,E",2026-04-30T18:58:21.470000Z,2026-04-30T18:58:21.478000Z,0.4359999895095825,0.4440000057220459
69,node2,2026-04-30 18:58:21.284,2026-04-30 18:58:21.662,True,2026-04-30T18:58:21.486000Z,0.452,7,"ar_p,aic,aic,baer,baer,aic,baer","ZNE,Z,N,Z,N,E,E",2026-04-30T18:58:21.474000Z,2026-04-30T18:58:21.490000Z,0.4399999976158142,0.4560000002384186
69,node3,2026-04-30 18:58:21.284,2026-04-30 18:58:21.662,True,2026-04-30T18:58:21.492000Z,0.458,7,"ar_p,baer,aic,baer,aic,aic,baer","ZNE,N,Z,Z,N,E,E",2026-04-30T18:58:21.482000Z,2026-04-30T18:58:21.494000Z,0.4480000138282776,0.46000000834465027
69,node4,2026-04-30 18:58:21.284,2026-04-30 18:58:21.662,True,2026-04-30T18:58:21.496000Z,0.462,6,"ar_p,aic,aic,aic,baer,baer","ZNE,Z,N,E,N,E",2026-04-30T18:58:21.484000Z,2026-04-30T18:58:21.502000Z,0.44999998807907104,0.46799999475479126
69,node5,2026-04-30 18:58:21.284,2026-04-30 18:58:21.662,True,2026-04-30T18:58:21.502000Z,0.468,7,"ar_p,aic,baer,aic,baer,aic,baer","ZNE,Z,Z,N,N,E,E",2026-04-30T18:58:21.488000Z,2026-04-30T18:58:21.514000Z,0.45399999618530273,0.47999998927116394
69,node6,2026-04-30 18:58:21.284,2026-04-30 18:58:21.662,True,2026-04-30T18:58:21.502000Z,0.468,5,"ar_p,aic,aic,baer,baer","ZNE,Z,N,Z,N",2026-04-30T18:58:21.492000Z,2026-04-30T18:58:21.034000Z,0.4580000042915344,0.0
70,node1,2026-04-30 18:59:25.222,2026-04-30 18:59:25.396,True,2026-04-30T18:59:25.250000Z,0.278,6,"baer,ar_p,aic,aic,aic,baer","E,ZNE,N,E,Z,Z",2026-04-30T18:59:25.240000Z,2026-04-30T18:59:25.248000Z,0.2680000066757202,0.2759999930858612
70,node2,2026-04-30 18:59:25.222,2026-04-30 18:59:25.396,True,2026-04-30T18:59:25.260000Z,0.288,6,"ar_p,baer,aic,baer,aic,aic","ZNE,Z,N,N,E,Z",2026-04-30T18:59:25.252000Z,2026-04-30T18:59:25.260000Z,0.2800000011920929,0.2879999876022339
70,node3,2026-04-30 18:59:25.222,2026-04-30 18:59:25.396,True,2026-04-30T18:59:25.266000Z,0.294,5,"ar_p,baer,aic,aic,aic","ZNE,Z,Z,N,E",2026-04-30T18:59:25.256000Z,2026-04-30T18:59:25.270000Z,0.2840000092983246,0.2980000078678131
70,node4,2026-04-30 18:59:25.222,2026-04-30 18:59:25.396,True,2026-04-30T18:59:25.272000Z,0.3,5,"ar_p,aic,aic,baer,aic","ZNE,Z,N,N,E",2026-04-30T18:59:25.268000Z,2026-04-30T18:59:25.268000Z,0.29600000381469727,0.29600000381469727
70,node5,2026-04-30 18:59:25.222,2026-04-30 18:59:25.396,True,2026-04-30T18:59:25.284000Z,0.312,5,"ar_p,baer,aic,aic,aic","ZNE,E,N,E,Z",2026-04-30T18:59:25.276000Z,2026-04-30T18:59:25.298000Z,0.30399999022483826,0.32600000500679016
70,node6,2026-04-30 18:59:25.222,2026-04-30 18:59:25.396,True,2026-04-30T18:59:25.290000Z,0.318,3,"aic,aic,aic","E,Z,N",2026-04-30T18:59:25.042000Z,2026-04-30T18:59:24.972000Z,0.07000000029802322,0.0
71,node1,2026-04-30 18:59:31.626,2026-04-30 18:59:31.806,True,2026-04-30T18:59:31.653000Z,0.277,6,"baer,baer,ar_p,aic,aic,aic","N,Z,ZNE,N,Z,E",2026-04-30T18:59:31.652000Z,2026-04-30T18:59:31.660000Z,0.2759999930858612,0.2840000092983246
71,node2,2026-04-30 18:59:31.626,2026-04-30 18:59:31.806,True,2026-04-30T18:59:31.671000Z,0.295,6,"ar_p,aic,baer,aic,aic,baer","ZNE,Z,Z,N,E,E",2026-04-30T18:59:31.662000Z,2026-04-30T18:59:31.670000Z,0.28600001335144043,0.2939999997615814
71,node3,2026-04-30 18:59:31.626,2026-04-30 18:59:31.806,True,2026-04-30T18:59:31.677000Z,0.301,6,"ar_p,aic,baer,aic,aic,baer","ZNE,Z,Z,N,E,E",2026-04-30T18:59:31.666000Z,2026-04-30T18:59:31.682000Z,0.28999999165534973,0.3059999942779541
71,node4,2026-04-30 18:59:31.626,2026-04-30 18:59:31.806,True,2026-04-30T18:59:31.682000Z,0.306,6,"ar_p,aic,baer,aic,aic,baer","ZNE,Z,Z,N,E,E",2026-04-30T18:59:31.678000Z,2026-04-30T18:59:31.690000Z,0.3019999861717224,0.3140000104904175
71,node5,2026-04-30 18:59:31.626,2026-04-30 18:59:31.806,True,2026-04-30T18:59:31.688000Z,0.312,5,"ar_p,aic,baer,aic,baer","ZNE,Z,Z,N,N",2026-04-30T18:59:31.672000Z,2026-04-30T18:59:31.706000Z,0.29600000381469727,0.33000001311302185
71,node6,2026-04-30 18:59:31.626,2026-04-30 18:59:31.806,True,2026-04-30T18:59:31.690000Z,0.314,5,"ar_p,aic,baer,aic,baer","ZNE,Z,Z,N,N",2026-04-30T18:59:31.676000Z,2026-04-30T18:59:31.376000Z,0.30000001192092896,0.0
