distance_m,elevation_m
0.0,13.1138715744018
0.332205976140219,13.1164922714233
0.664411952280439,13.1390714645385
0.996617928420659,13.1605558395385
1.32882390456087,13.1787071228027
1.66102988070109,13.2079010009765
1.99323585684131,13.2142105102539
2.32544183298153,13.2174253463745
2.65764780912175,13.2335968017578
2.98985378526197,13.2335596084594
3.32205976140219,13.230031967163
3.65426573754241,13.20956325531
3.98647171368263,13.1962299346923
4.31867768982285,13.1823682785034
4.65088366596307,13.1820163726806
4.98308964210329,13.1818399429321
5.31529561824351,13.1816625595092
5.64750159438373,13.1814737319946
5.97970757052395,13.1847066879272
6.31191354666417,13.1909580230712
6.64411952280439,13.1914710998535
6.97632549894461,13.1942424774169
7.30853147508483,13.2002515792846
7.64073745122505,13.1998977661132
7.97294342736527,13.1997213363647
8.30514940350549,13.1941032409667
8.63735537964571,13.1628408432006
8.96956135578593,13.136001586914
9.30176733192615,13.116000175476
9.63397330806637,13.1004047393798
9.96617928420659,13.1003160476684
10.2983852603468,13.1002264022827
10.630591236487,13.1032133102417
10.9627972126272,13.1123781204223
11.2950031887674,13.119815826416
11.6272091649076,13.137071609497
11.9594151410479,13.1368942260742
12.2916211171881,13.1389989852905
12.6238270933283,13.1433944702148
12.9560330694685,13.1440992355346
13.2882390456087,13.1501731872558
13.620445021749,13.1621465682983
13.9526509978892,13.1678142547607
14.2848569740294,13.1653070449829
14.6170629501696,13.1501178741455
14.9492689263098,13.1440916061401
15.2814749024501,13.1317911148071
15.6136808785903,13.1154022216796
15.9458868547305,13.1040716171264
16.2780928308707,13.105224609375
16.6102988070109,13.1080045700073
16.9425047831512,13.1195793151855
17.2747107592914,13.1263551712036
17.6069167354316,13.1330108642578
17.9391227115718,13.1426572799682
18.271328687712,13.1424808502197
18.6035346638523,13.1438846588134
18.9357406399925,13.1586475372314
19.2679466161327,13.1681146621704
19.6001525922729,13.189414024353
19.9323585684131,13.2967882156372
20.2645645445534,13.3413667678833
20.5967705206936,13.3565807342529
20.9289764968338,13.3219242095947
21.261182472974,13.3039894104003
21.5933884491142,13.2981081008911
21.9255944252545,13.3067874908447
22.2578004013947,13.3185224533081
22.5900063775349,13.3326511383056
22.9222123536751,13.3568220138549
23.2544183298153,13.3698635101318
23.5866243059556,13.3733930587768
23.9188302820958,13.3287124633789
24.251036258236,13.3153314590454
24.5832422343762,13.310975074768
24.9154482105164,13.3241376876831
25.2476541866567,13.3553762435913
25.5798601627969,13.3738670349121
25.9120661389371,13.4057369232177
26.2442721150773,13.4240169525146
26.5764780912175,13.4312744140625
26.9086840673578,13.4058895111083
27.240890043498,13.3858880996704
27.5730960196382,13.3690605163574
27.9053019957784,13.3627672195434
28.2375079719186,13.3670005798339
28.5697139480588,13.3773889541625
28.9019199241991,13.4035587310791
29.2341259003393,13.400294303894
29.5663318764795,13.3902044296264
29.8985378526197,13.3790464401245
30.2307438287599,13.3722200393676
30.5629498049002,13.3722190856933
30.8951557810404,13.3753948211669
31.2273617571806,13.3822154998779
31.5595677333208,13.3822145462036
31.891773709461,13.3793125152587
32.2239796856013,13.3661069869995
32.5561856617415,13.3492393493652
32.8883916378817,13.3422079086303
33.2205976140219,13.3453350067138
33.5528035901621,13.3488588333129
33.8850095663024,13.3387355804443
34.2172155424426,13.3290224075317
34.5494215185828,13.315842628479
34.881627494723,13.2626600265502
35.2138334708632,13.235836982727
35.5460394470035,13.2190151214599
35.8782454231437,13.2153720855712
36.2104513992839,13.2249851226806
36.5426573754241,13.2313032150268
36.8748633515643,13.2492389678955
37.2070693277046,13.2490625381469
37.5392753038448,13.2488861083984
37.871481279985,13.248532295227
38.2036872561252,13.2483558654785
38.5358932322654,13.2481794357299
38.8680992084057,13.2478256225585
39.2003051845459,13.24764919281
39.5325111606861,13.2474718093872
39.8647171368263,13.2479238510131
40.1969231129665,13.2519092559814
40.5291290891068,13.2567672729492
40.861335065247,13.2565908432006
41.1935410413872,13.2521095275878
41.5257470175274,13.2407960891723
41.8579529936676,13.2336997985839
42.1901589698079,13.224606513977
42.5223649459481,13.2142715454101
42.8545709220883,13.210576057434
43.1867768982285,13.1911582946777
43.5189828743687,13.190894126892
43.851188850509,13.1906309127807
44.1833948266492,13.1973047256469
44.5156008027894,13.2071256637573
44.8478067789296,13.2137641906738
45.1800127550698,13.2172508239746
45.5122187312101,13.2132358551025
45.8444247073503,13.2098722457885
46.1766306834905,13.1927337646484
46.5088366596307,13.1825304031372
46.8410426357709,13.1775379180908
47.1732486119112,13.1588125228881
47.5054545880514,13.1502780914306
47.8376605641916,13.1452188491821
48.1698665403318,13.1281051635742
48.502072516472,13.1179285049438
48.8342784926123,13.1095361709594
49.1664844687525,13.0963582992553
49.4986904448927,13.0962686538696
49.8308964210329,13.0929908752441
50.1631023971731,13.0840492248535
50.4953083733134,13.0797042846679
50.8275143494536,13.0763368606567
51.1597203255938,13.0624561309814
51.491926301734,13.053463935852
51.8241322778742,13.0466995239257
52.1563382540145,13.0362920761108
52.4885442301547,13.0303955078125
52.8207502062949,13.0258817672729
53.1529561824351,13.0173969268798
53.4851621585753,13.007134437561
53.8173681347156,12.9936761856079
54.1495741108558,12.9706716537475
54.481780086996,12.9536867141723
54.8139860631362,12.9435100555419
55.1461920392764,12.9231567382812
55.4783980154166,12.9123287200927
55.8106039915569,12.9008531570434
56.1428099676971,12.8806743621826
56.4750159438373,12.8705854415893
56.8072219199775,12.863691329956
57.1394278961177,12.8517427444458
57.471633872258,12.8443336486816
57.8038398483982,12.8405389785766
58.1360458245384,12.8345737457275
58.4682518006786,12.8379201889038
58.8004577768188,12.8409700393676
59.1326637529591,12.8305597305297
59.4648697290993,12.8207874298095
59.7970757052395,12.8103466033935
60.1292816813797,12.786916732788
60.4614876575199,12.7730293273925
60.7936936336602,12.7692689895629
61.1258996098004,12.7489147186279
61.4581055859406,12.7355623245239
61.7903115620808,12.7187137603759
62.122517538221,12.7016286849975
62.4547235143613,12.6980323791503
62.7869294905015,12.68785572052
63.1191354666417,12.6645202636718
63.4513414427819,12.6480913162231
63.7835474189221,12.6409254074096
64.1157533950624,12.617823600769
64.4479593712026,12.6077365875244
64.7801653473428,12.5976467132568
65.112371323483,12.5875577926635
65.4445772996232,12.5715770721435
65.7767832757635,12.5672903060913
66.1089892519037,12.557201385498
66.4411952280439,12.5370225906372
66.7734012041841,12.5301342010498
67.1056071803243,12.5268449783325
67.4378131564646,12.5098667144775
67.7700191326048,12.5065774917602
68.102225108745,12.4989385604858
68.4344310848852,12.4871168136596
68.7666370610254,12.4811944961547
69.0988430371657,12.4761314392089
69.4310490133059,12.4488258361816
69.7632549894461,12.4356212615966
70.0954609655863,12.4188222885131
70.4276669417265,12.4077682495117
70.7598729178668,12.4043188095092
71.092078894007,12.4009323120117
71.4242848701472,12.3876695632934
71.7564908462874,12.3731212615966
72.0886968224276,12.3576116561889
72.4209027985679,12.3348846435546
72.7531087747081,12.3247957229614
73.0853147508483,12.3147058486938
73.4175207269885,12.2888021469116
73.7497267031287,12.2755975723266
74.081932679269,12.2588005065917
74.4141386554092,12.2355918884277
74.7463446315494,12.2187957763671
75.0785506076896,12.208794593811
75.4107565838298,12.1871967315673
75.7429625599701,12.1753511428833
76.0751685361103,12.1687889099121
76.4073745122505,12.1487855911254
76.7395804883907,12.1373138427734
77.0717864645309,12.1257257461547
77.4039924406712,12.1087818145751
77.7361984168114,12.0987787246704
78.0684043929516,12.0919847488403
78.4006103690918,12.0819826126098
78.732816345232,12.0787734985351
79.0650223213723,12.071979522705
79.3972282975125,12.0587692260742
79.7294342736527,12.0487670898437
80.0616402497929,12.0387659072875
80.3938462259331,12.0287647247314
80.7260522020733,12.0209493637084
81.0582581782136,12.0166587829589
81.3904641543538,12.0058374404907
81.722670130494,11.9991340637207
82.0548761066342,11.9960107803344
82.3870820827745,11.9837970733642
82.7192880589147,11.9711637496948
83.0514940350549,11.9663534164428
83.3837000111951,11.948748588562
83.7159059873353,11.9419574737548
84.0481119634755,11.9387435913085
84.3803179396158,11.9313526153564
84.712523915756,11.9269580841064
85.0447298918962,11.916501045227
85.3769358680364,11.8755226135253
85.7091418441767,11.8619470596313
86.0413478203169,11.855520248413
86.3735537964571,11.8419427871704
86.7057597725973,11.8387279510498
87.0379657487375,11.8319406509399
87.3701717248777,11.8319377899169
87.702377701018,11.8319368362426
88.0345836771582,11.8287210464477
88.3667896532984,11.8087186813354
88.6989956294386,11.7987174987792
89.0312016055788,11.7919292449951
89.3634075817191,11.788779258728
89.6956135578593,11.7851600646972
90.0278195339995,11.7886686325073
90.3600255101397,11.781925201416
90.69223148628,11.7815999984741
91.0244374624202,11.7815113067626
91.3566434385604,11.7782068252563
91.6888494147006,11.7680282592773
92.0210553908408,11.761155128479
92.353261366981,11.7578496932983
92.6854673431213,11.7337598800659
93.0176733192615,11.7175798416137
93.3498792954017,11.7074928283691
93.6820852715419,11.6936073303222
94.0142912476821,11.6814346313476
94.3464972238224,11.6771364212036
94.6787031999626,11.6613464355468
95.0109091761028,11.6574525833129
95.343115152243,11.6512870788574
95.6753211283832,11.6498212814331
96.0075271045235,11.649034500122
96.3397330806637,11.6473913192749
96.6719390568039,11.6394653320312
97.0041450329441,11.6393766403198
97.3363510090843,11.639286994934
97.6685569852246,11.633111000061
98.0007629613648,11.6238574981689
98.332968937505,11.6179809570312
98.6651749136452,11.6178398132324
98.9973808897854,11.6222324371337
99.3295868659257,11.619812965393
99.6617928420659,11.6049194335937
99.9939988182061,11.6015214920043
100.326204794346,11.5945663452148
100.658410770486,11.5868082046508
100.990616746626,11.5808143615722
101.322822722767,11.5706377029418
101.655028698907,11.5516300201416
101.987234675047,11.5443754196167
102.319440651187,11.5342855453491
102.651646627327,11.5141077041625
102.983852603468,11.5040187835693
103.316058579608,11.4939289093017
103.648264555748,11.4787940979003
103.980470531888,11.4702529907226
104.312676508029,11.4635725021362
104.644882484169,11.445083618164
104.977088460309,11.4401369094848
105.309294436449,11.4332180023193
105.641500412589,11.4060316085815
105.97370638873,11.3929500579833
106.30591236487,11.3828611373901
106.63811834101,11.3545970916748
106.97032431715,11.3486146926879
107.30253029329,11.3386125564575
107.634736269431,11.3218374252319
107.966942245571,11.3218364715576
108.299148221711,11.3218345642089
108.631354197851,11.325059890747
108.963560173992,11.3350582122802
109.295766150132,11.3450574874877
109.627972126272,11.3650550842285
109.960178102412,11.375054359436
110.292384078552,11.3850536346435
110.624590054693,11.3950510025024
110.956796030833,11.4050502777099
111.289002006973,11.4126234054565
111.621207983113,11.4250469207763
111.953413959254,11.4350461959838
112.285619935394,11.4418153762817
112.617825911534,11.4550428390502
112.950031887674,11.4650421142578
113.282237863814,11.471809387207
113.614443839955,11.4818077087402
113.946649816095,11.4850368499755
114.278855792235,11.4950361251831
114.611061768375,11.5018043518066
114.943267744516,11.5018014907836
115.275473720656,11.5018005371093
115.607679696796,11.501799583435
115.939885672936,11.5017967224121
116.272091649076,11.5017957687377
116.604297625217,11.5017938613891
116.936503601357,11.5017919540405
117.268709577497,11.5017910003662
117.600915553637,11.5017890930175
117.933121529778,11.5017871856689
118.265327505918,11.5017852783203
118.597533482058,11.4985513687133
118.929739458198,11.4917812347412
119.261945434338,11.4917802810668
119.594151410479,11.4917793273925
119.926357386619,11.4919633865356
120.258563362759,11.4954624176025
120.590769338899,11.5020189285278
120.922975315039,11.5159378051757
121.25518129118,11.5256948471069
121.58738726732,11.5317697525024
121.91959324346,11.5330476760864
122.2517992196,11.5331344604492
122.584005195741,11.5332202911376
122.916211171881,11.5417613983154
123.248417148021,11.5417594909667
123.580623124161,11.5417585372924
123.912829100301,11.5417556762695
124.245035076442,11.544991493225
124.577241052582,11.5517539978027
124.909447028722,11.5517511367797
125.241653004862,11.5517501831054
125.573858981003,11.5517492294311
125.906064957143,11.5517463684082
126.238270933283,11.5517454147338
126.570476909423,11.5549821853637
126.902682885563,11.5617418289184
127.234888861704,11.5649795532226
127.567094837844,11.5717391967773
127.899300813984,11.5717372894287
128.231506790124,11.57173538208
128.563712766265,11.5717344284057
128.895918742405,11.5717315673828
129.228124718545,11.5717306137084
129.560330694685,11.5749702453613
129.892536670825,11.5849676132202
130.224742646966,11.5917263031005
130.556948623106,11.594967842102
130.889154599246,11.6149635314941
131.221360575386,11.6249628067016
131.553566551527,11.631718635559
131.885772527667,11.6381940841674
132.217978503807,11.6449584960937
132.550184479947,11.6533241271972
132.882390456087,11.6716709136962
133.214596432228,11.6849555969238
133.546802408368,11.6934347152709
133.879008384508,11.713487625122
134.211214360648,11.7205266952514
134.543420336788,11.730613708496
134.875626312929,11.750786781311
135.207832289069,11.7589492797851
135.540038265209,11.7649450302124
135.872244241349,11.7849426269531
136.20445021749,11.7916955947875
136.53665619363,11.7949409484863
136.86886216977,11.8049383163452
137.20106814591,11.8116912841796
137.53327412205,11.811689376831
137.865480098191,11.8116874694824
138.197686074331,11.8116855621337
138.529892050471,11.8084383010864
138.862098026611,11.8016834259033
139.194304002752,11.7916803359985
139.526509978892,11.7884330749511
139.858715955032,11.7816801071167
140.190921931172,11.7809238433837
140.523127907312,11.7769212722778
140.855333883453,11.7716741561889
141.187539859593,11.7716722488403
141.519745835733,11.771671295166
141.851951811873,11.7716693878173
142.184157788014,11.7716674804687
142.516363764154,11.7716655731201
142.848569740294,11.7716646194458
143.180775716434,11.7716617584228
143.512981692574,11.7712774276733
143.845187668715,11.7705669403076
144.177393644855,11.7584066390991
144.509599620995,11.7516555786132
144.841805597135,11.7516546249389
145.174011573276,11.7416515350341
145.506217549416,11.7383985519409
145.838423525556,11.7316484451293
146.170629501696,11.7316465377807
146.502835477836,11.7283935546875
146.835041453977,11.7216434478759
147.167247430117,11.7116413116455
147.499453406257,11.7115669250488
147.831659382397,11.708176612854
148.163865358538,11.697898864746
148.496071334678,11.6879949569702
148.828277310818,11.6783809661865
149.160483286958,11.6678133010864
149.492689263098,11.6613292694091
149.824895239239,11.6576929092407
150.157101215379,11.6416263580322
150.489307191519,11.6383714675903
150.821513167659,11.6283674240112
151.153719143799,11.6083669662475
151.48592511994,11.6016216278076
151.81813109608,11.5983638763427
152.15033707222,11.5816173553466
152.48254304836,11.581615447998
152.814749024501,11.5816144943237
153.146955000641,11.5716123580932
153.479160976781,11.5683546066284
153.811366952921,11.5583515167236
154.143572929061,11.5483484268188
154.475778905202,11.5416049957275
154.807984881342,11.5416040420532
155.140190857482,11.5416011810302
155.472396833622,11.5416002273559
155.804602809763,11.5415992736816
156.136808785903,11.5415964126586
156.469014762043,11.5448551177978
156.801220738183,11.5515937805175
157.133426714323,11.5548515319824
157.465632690464,11.5615901947021
157.797838666604,11.5615892410278
158.130044642744,11.5515871047973
158.462250618884,11.5515851974487
158.794456595025,11.5483245849609
159.126662571165,11.5415811538696
159.458868547305,11.5383205413818
159.791074523445,11.5315809249877
160.123280499585,11.541576385498
160.455486475726,11.5415754318237
160.787692451866,11.5415744781494
161.119898428006,11.5415716171264
161.452104404146,11.5415706634521
161.784310380287,11.5415687561035
162.116516356427,11.5383052825927
162.448722332567,11.531566619873
162.780928308707,11.5315656661987
163.113134284847,11.5297183990478
163.445340260988,11.5182981491088
163.777546237128,11.5096282958984
164.109752213268,11.502287864685
164.441958189408,11.489538192749
164.774164165549,11.4852838516235
165.106370141689,11.4840059280395
165.438576117829,11.4794187545776
165.770782093969,11.4738254547119
166.102988070109,11.4693565368652
166.43519404625,11.4636440277099
166.76740002239,11.4592666625976
167.09960599853,11.4544839859008
167.43181197467,11.4543056488037
167.76401795081,11.4542169570922
168.096223926951,11.4541282653808
168.428429903091,11.4539499282836
168.760635879231,11.4538612365722
169.092841855371,11.4530420303344
169.425047831512,11.4515323638916
169.757253807652,11.4515314102172
170.089459783792,11.4515295028686
170.421665759932,11.45152759552
170.753871736072,11.4487895965576
171.086077712213,11.4425601959228
171.418283688353,11.4324398040771
171.750489664493,11.42866897583
172.082695640633,11.4194364547729
172.414901616774,11.4021978378295
172.747107592914,11.3985471725463
173.079313569054,11.3890800476074
173.411519545194,11.3784570693969
173.743725521334,11.3688125610351
174.075931497475,11.358883857727
174.408137473615,11.3518161773681
174.740343449755,11.3517274856567
175.072549425895,11.3516407012939
175.404755402036,11.3647317886352
175.736961378176,11.3714141845703
176.069167354316,11.374698638916
176.401373330456,11.3779621124267
176.733579306596,11.3682231903076
177.065785282737,11.3614950180053
177.397991258877,11.3482198715209
177.730197235017,11.3414907455444
178.062403211157,11.3414897918701
178.394609187298,11.3411283493042
178.726815163438,11.3370323181152
179.059021139578,11.3269433975219
179.391227115718,11.3095645904541
179.723433091858,11.3079175949096
180.055639067999,11.3066234588623
180.387845044139,11.3066816329956
180.720051020279,11.3077125549316
181.052256996419,11.3075351715087
181.38446297256,11.3178844451904
181.7166689487,11.3192386627197
182.04887492484,11.3191499710083
182.38108090098,11.3322477340698
182.71328687712,11.3397283554077
183.045492853261,11.344741821289
183.377698829401,11.3618917465209
183.709904805541,11.3694877624511
184.042110781681,11.3737459182739
184.374316757821,11.3915367126464
184.706522733962,11.4014482498168
185.038728710102,11.4113597869873
185.370934686242,11.4211835861206
185.703140662382,11.4278163909912
186.035346638523,11.4289474487304
186.367552614663,11.4375495910644
186.699758590803,11.4387664794921
187.031964566943,11.4447240829467
187.364170543083,11.4547224044799
187.696376519224,11.4632978439331
188.028582495364,11.4735736846923
188.360788471504,11.4902067184448
188.692994447644,11.5084915161132
189.025200423785,11.5167322158813
189.357406399925,11.5332221984863
189.689612376065,11.5779161453247
190.021818352205,11.5977420806884
190.354024328345,11.6159934997558
190.686230304486,11.6339302062988
191.018436280626,11.6440658569335
191.350642256766,11.6528787612915
191.682848232906,11.6732263565063
192.015054209047,11.6764860153198
192.347260185187,11.6695899963378
192.679466161327,11.6573247909545
193.011672137467,11.6614151000976
193.343878113607,11.6626405715942
193.676084089748,11.6685314178466
194.008290065888,11.6704988479614
194.340496042028,11.6747932434082
194.672702018168,11.6746168136596
195.004907994308,11.6745281219482
195.337113970449,11.6754341125488
195.669319946589,11.6827487945556
196.001525922729,11.6950817108154
196.333731898869,11.7000494003295
196.66593787501,11.7139043807983
196.99814385115,11.7178945541381
197.33034982729,11.7293434143066
197.66255580343,11.752100944519
197.99476177957,11.7508544921875
198.326967755711,11.7453527450561
198.659173731851,11.7449989318847
198.991379707991,11.7481107711792
199.323585684131,11.7551841735839
199.655791660272,11.7595148086547
199.987997636412,11.7729778289794
200.320203612552,11.7913742065429
200.652409588692,11.8176174163818
200.984615564832,11.8263626098632
201.316821540973,11.8323049545288
201.649027517113,11.8361692428588
201.981233493253,11.8459920883178
202.313439469393,11.8556270599365
202.645645445534,11.8621759414672
202.977851421674,11.8619995117187
203.310057397814,11.8618230819702
203.642263373954,11.8615226745605
203.974469350094,11.8612928390502
204.306675326235,11.8611164093017
204.638881302375,11.8510599136352
204.971087278515,11.850845336914
205.303293254655,11.8472747802734
205.635499230796,11.8407039642333
205.967705206936,11.8406143188476
206.299911183076,11.8435468673706
206.632117159216,11.8536405563354
206.964323135356,11.8602590560913
207.296529111497,11.8572654724121
207.628735087637,11.849549293518
207.960941063777,11.8423557281494
208.293147039917,11.8270254135131
208.625353016058,11.8196372985839
208.957558992198,11.8201360702514
209.289764968338,11.824010848999
209.621970944478,11.8299570083618
209.954176920618,11.8299236297607
210.286382896759,11.8243160247802
210.618588872899,11.813829421997
210.950794849039,11.8188371658325
211.283000825179,11.8195962905883
211.615206801319,11.8276643753051
211.94741277746,11.8280000686645
212.2796187536,11.8325386047363
212.61182472974,11.8332681655883
212.94403070588,11.8381252288818
213.276236682021,11.8358221054077
213.608442658161,11.831314086914
213.940648634301,11.8280153274536
214.272854610441,11.8213100433349
214.605060586581,11.8213081359863
214.937266562722,11.8113059997558
215.269472538862,11.8113040924072
215.601678515002,11.8093461990356
215.933884491142,11.8022451400756
216.266090467283,11.7923307418823
216.598296443423,11.7791213989257
216.930502419563,11.7512960433959
217.262708395703,11.7512950897216
217.594914371843,11.7479963302612
217.927120347984,11.7363471984863
218.259326324124,11.7362585067749
218.591532300264,11.7345600128173
218.923738276404,11.7312860488891
219.255944252545,11.7312850952148
219.588150228685,11.7312831878662
219.920356204825,11.7383632659912
220.252562180965,11.7384624481201
220.584768157105,11.7243967056274
220.916974133246,11.6686925888061
221.249180109386,11.6446733474731
221.581386085526,11.6246719360351
221.913592061666,11.59797000885
222.245798037807,11.5912704467773
222.578004013947,11.5924177169799
222.910209990087,11.6012668609619
223.242415966227,11.6012659072875
223.574621942367,11.5923900604248
223.906827918508,11.5366334915161
224.239033894648,11.5113525390625
224.571239870788,11.4813480377197
224.903445846928,11.4346504211425
225.235651823069,11.4154787063598
225.567857799209,11.4028787612915
225.900063775349,11.4035024642944
226.232269751489,11.3975191116333
226.564475727629,11.380723953247
226.89668170377,11.3340082168579
227.22888767991,11.3062133789062
227.56109365605,11.2767839431762
227.89329963219,11.2668991088867
228.22550560833,11.2612409591674
228.557711584471,11.2612400054931
228.889917560611,11.2571287155151
229.222123536751,11.251235961914
229.554329512891,11.2512340545654
229.886535489032,11.2412319183349
230.218741465172,11.2412309646606
230.550947441312,11.2443132400512
230.883153417452,11.247088432312
231.215359393592,11.2408151626586
231.547565369733,11.2409019470214
231.879771345873,11.2541856765747
232.211977322013,11.2610607147216
232.544183298153,11.2645559310913
232.876389274294,11.2812175750732
233.208595250434,11.2845258712768
233.540801226574,11.2912139892578
233.873007202714,11.2912111282348
234.205213178854,11.2881126403808
234.537419154995,11.2758026123046
234.869625131135,11.2597064971923
235.201831107275,11.2528619766235
235.534037083415,11.2489748001098
235.866243059556,11.2291460037231
236.198449035696,11.2220983505249
236.530655011836,11.2178878784179
236.862860987976,11.2083902359008
237.195066964116,11.1978855133056
237.527272940257,11.1878843307495
237.859478916397,11.1811943054199
238.191684892537,11.1811914443969
238.523890868677,11.183795928955
238.856096844817,11.1955947875976
239.188302820958,11.2270183563232
239.520508797098,11.2453269958496
239.852714773238,11.2619276046752
240.184920749378,11.2678689956665
240.517126725519,11.2588052749633
240.849332701659,11.2484397888183
241.181538677799,11.2171487808227
241.513744653939,11.2051525115966
241.845950630079,11.1942586898803
242.17815660622,11.1949577331542
242.51036258236,11.1986227035522
242.8425685585,11.2089729309082
243.17477453464,11.2347269058227
243.506980510781,11.2503662109375
243.839186486921,11.2662601470947
244.171392463061,11.2699813842773
244.503598439201,11.2481546401977
244.835804415341,11.2232522964477
245.168010391482,11.196322441101
245.500216367622,11.1914625167846
245.832422343762,11.1885452270507
246.164628319902,11.1701688766479
246.496834296043,11.1574954986572
246.829040272183,11.147946357727
247.161246248323,11.1371459960937
247.493452224463,11.1375837326049
247.825658200603,11.1380214691162
248.157864176744,11.1388940811157
248.490070152884,11.1440982818603
248.822276129024,11.1568794250488
249.154482105164,11.1867008209228
249.486688081305,11.1910791397094
249.818894057445,11.1928186416625
250.151100033585,11.2202749252319
250.483306009725,11.2425546646118
250.815511985865,11.2682380676269
251.147717962006,11.3187036514282
251.479923938146,11.3433685302734
251.812129914286,11.3691682815551
252.144335890426,11.4283123016357
252.476541866567,11.4661493301391
252.808747842707,11.4958457946777
253.140953818847,11.554404258728
253.473159794987,11.5977268218994
253.805365771127,11.6510467529296
254.137571747268,11.7577247619628
254.469777723408,11.8044023513793
254.801983699548,11.8410787582397
255.134189675688,11.8910760879516
255.466395651828,11.9177522659301
255.798601627969,11.9377517700195
256.130807604109,11.9693937301635
256.463013580249,11.9864978790283
256.795219556389,11.9973611831665
257.12742553253,12.0223903656005
257.45963150867,12.0256261825561
257.79183748481,12.0355377197265
258.12404346095,12.0520334243774
258.45624943709,12.051944732666
258.788455413231,12.0518579483032
259.120661389371,12.0548076629638
259.452867365511,12.0610857009887
259.785073341651,12.0610837936401
260.117279317792,12.0610818862915
260.449485293932,12.0577535629272
260.781691270072,12.0510787963867
261.113897246212,12.0510644912719
261.446103222352,12.0544033050537
261.778309198493,12.0610742568969
262.110515174633,12.0610733032226
262.442721150773,12.0577421188354
262.774927126913,12.0543975830078
263.107133103054,12.0610675811767
263.439339079194,12.0489330291748
263.771545055334,12.0427064895629
264.103751031474,12.0417776107788
264.435957007614,12.0410604476928
264.768162983755,12.0410585403442
265.100368959895,12.0472431182861
265.432574936035,12.0855836868286
265.764780912175,12.1015739440917
266.096986888316,12.1120195388793
266.429192864456,12.1171512603759
266.761398840596,12.1169748306274
267.093604816736,12.1201286315917
267.425810792876,12.1372117996215
267.758016769017,12.1361198425292
268.090222745157,12.1277103424072
268.422428721297,12.1077098846435
268.754634697437,12.0986204147338
269.086840673577,12.0938653945922
269.419046649718,12.0940389633178
269.751252625858,12.095154762268
270.083458601998,12.0996627807617
270.415664578138,12.1043844223022
270.747870554279,12.103322982788
271.080076530419,12.1010293960571
271.412282506559,12.1010265350341
271.744488482699,12.0976915359497
272.076694458839,12.0876903533935
272.40890043498,12.0676870346069
272.74110641112,12.0610198974609
273.07331238726,12.0610179901123
273.4055183634,12.0639514923095
273.737724339541,12.0591783523559
274.069930315681,12.0522565841674
274.402136291821,12.0424299240112
274.734342267961,12.0358514785766
275.066548244101,12.0376300811767
275.398754220242,12.0343437194824
275.730960196382,12.0426082611083
276.063166172522,12.0457220077514
276.395372148662,12.0343265533447
276.727578124803,12.0143251419067
277.059784100943,11.9943237304687
277.391990077083,11.9651880264282
277.724196053223,11.9651012420654
278.056402029363,11.9683504104614
278.388608005504,11.9881725311279
278.720813981644,11.9980840682983
279.053019957784,12.0079946517944
279.385225933924,12.0011396408081
279.717431910065,11.9877099990844
280.049637886205,11.9676208496093
280.381843862345,11.9274444580078
280.714049838485,11.9096736907958
281.046255814625,11.9009790420532
281.378461790766,11.8842945098876
281.710667766906,11.8676347732543
282.042873743046,11.8609752655029
282.375079719186,11.8509721755981
282.707285695327,11.8476295471191
283.039491671467,11.8376283645629
283.371697647607,11.8176250457763
283.703903623747,11.8076238632202
284.036109599887,11.7976217269897
284.368315576028,11.777621269226
284.700521552168,11.7676172256469
285.032727528308,11.7570934295654
285.364933504448,11.7262248992919
285.697139480589,11.7134037017822
286.029345456729,11.6976118087768
286.361551432869,11.6876106262207
286.693757409009,11.6706323623657
287.025963385149,11.6670322418212
287.35816936129,11.6606884002685
287.69037533743,11.6564025878906
288.02258131357,11.6497507095336
288.35478728971,11.6464681625366
288.68699326585,11.6370992660522
289.019199241991,11.6273260116577
289.351405218131,11.6208400726318
289.683611194271,11.6111402511596
290.015817170411,11.6113147735595
290.348023146552,11.614649772644
290.680229122692,11.6075839996337
291.012435098832,11.5975828170776
291.344641074972,11.5907192230224
291.676847051112,11.5770444869995
292.009053027253,11.5706272125244
292.341259003393,11.5699443817138
292.673464979533,11.569766998291
293.005670955673,11.5726099014282
293.337876931814,11.5753564834594
293.670082907954,11.5517129898071
294.002288884094,11.5331583023071
294.334494860234,11.5175647735595
294.666700836374,11.5009117126464
294.998906812515,11.5009098052978
295.331112788655,11.5009088516235
295.663318764795,11.5009059906005
295.995524740935,11.5009050369262
296.327730717076,11.5009040832519
296.659936693216,11.5034570693969
296.992142669356,11.5026588439941
297.324348645496,11.5008993148803
297.656554621636,11.4775447845458
297.988760597777,11.4675436019897
298.320966573917,11.4575414657592
298.653172550057,11.4475412368774
298.985378526197,11.4408903121948
299.317584502338,11.4408893585205
299.649790478478,11.4408874511718
299.981996454618,11.4408855438232
300.314202430758,11.4408845901489
300.646408406898,11.4422092437744
300.978614383039,11.4435701370239
301.310820359179,11.4408798217773
301.643026335319,11.4408769607543
301.975232311459,11.4375228881835
302.307438287599,11.4308748245239
302.63964426374,11.4308719635009
302.97185023988,11.4291086196899
303.30405621602,11.4239721298217
303.63626219216,11.4092073440551
303.968468168301,11.4059629440307
304.300674144441,11.4044342041015
304.632880120581,11.3928680419921
304.965086096721,11.3829536437988
305.297292072861,11.3730401992797
305.629498049002,11.3622798919677
305.961704025142,11.3605089187622
306.293910001282,11.3547668457031
306.626115977422,11.3508520126342
306.958321953563,11.3495578765869
307.290527929703,11.3470888137817
307.622733905843,11.3508472442626
307.954939881983,11.3542032241821
308.287145858123,11.3608446121215
308.619351834264,11.3663492202758
308.951557810404,11.3718967437744
309.283763786544,11.3772563934326
309.615969762684,11.397554397583
309.948175738825,11.4141941070556
310.280381714965,11.4257326126098
310.612587691105,11.4347095489501
310.944793667245,11.4477643966674
311.276999643385,11.4689064025878
311.609205619526,11.4889001846313
311.941411595666,11.504186630249
312.273617571806,11.5108251571655
312.605823547946,11.5074625015258
312.938029524086,11.513596534729
313.270235500227,11.5258836746215
313.602441476367,11.5555267333984
313.934647452507,11.6327953338623
314.266853428647,11.6450443267822
314.599059404788,11.6508131027221
314.931265380928,11.6474475860595
315.263471357068,11.6337614059448
315.595677333208,11.6067810058593
315.927883309349,11.5674428939819
316.260089285489,11.564167022705
316.592295261629,11.5741662979125
316.924501237769,11.5908012390136
317.256707213909,11.5908002853393
317.58891319005,11.5940504074096
317.92111916619,11.6107988357543
318.25332514233,11.6042261123657
318.58553111847,11.5746421813964
318.91773709461,11.524658203125
319.249943070751,11.5045051574707
319.582149046891,11.4877767562866
319.914355023031,11.480785369873
320.246560999171,11.4810533523559
320.578766975312,11.48166847229
320.910972951452,11.4832563400268
321.243178927592,11.4872016906738
321.575384903732,11.4932489395141
321.907590879872,11.5035972595214
322.239796856013,11.5004034042358
322.572002832153,11.4905767440795
322.904208808293,11.4791650772094
323.236414784433,11.4692506790161
323.568620760574,11.4559688568115
323.900826736714,11.4082527160644
324.233032712854,11.3857994079589
324.565238688994,11.3608884811401
324.897444665134,11.344856262207
325.229650641275,11.3433103561401
325.561856617415,11.3433971405029
325.894062593555,11.3435697555542
326.226268569695,11.3436565399169
326.558474545836,11.3427362442016
326.890680521976,11.3418178558349
327.222886498116,11.347373008728
327.555092474256,11.3630743026733
327.887298450396,11.4131879806518
328.219504426537,11.4387016296386
328.551710402677,11.4691619873046
328.883916378817,11.5519580841064
329.216122354957,11.5900917053222
329.548328331098,11.6162309646606
329.880534307238,11.6439609527587
330.212740283378,11.6555662155151
330.544946259518,11.6677417755126
330.877152235658,11.7270212173461
331.209358211799,11.785041809082
331.541564187939,11.8507471084594
331.873770164079,11.8643074035644
332.205976140219,11.8272161483764
332.205976140219,11.8272161483764
